1441.6264,5206.5434,4.1251,4.389,496.0,393.0,20.0,256.0,12.0,0.0
1465.9128,4672.1746,4.0822,4.3876,488.0,317.0,20.0,256.0,12.0,0.0
1491.9565,4738.9373,4.1758,4.4976,480.0,300.0,20.0,256.0,12.0,0.0
1422.6275,4648.5304,4.1637,4.4844,480.0,300.0,20.0,256.0,12.0,0.0
1484.4567,4729.8276,4.1655,4.4864,480.0,300.0,20.0,256.0,12.0,0.0
1388.7934,4440.4034,4.0488,4.3608,496.0,300.0,20.0,256.0,12.0,0.0
1431.4863,4558.7062,4.0764,4.3918,488.0,300.0,20.0,256.0,12.0,0.0
1298.2119,4441.5617,4.0908,4.4063,480.0,300.0,20.0,256.0,12.0,0.0
1418.9897,4549.2649,4.0541,4.3659,488.0,300.0,20.0,256.0,12.0,0.0
1426.5496,4454.7652,4.086,4.4015,488.0,300.0,20.0,256.0,12.0,0.0
1392.4383,4206.8201,4.031,4.339,496.0,300.0,20.0,256.0,12.0,0.0
1478.3444,4232.8612,4.015,4.3215,496.0,300.0,20.0,256.0,12.0,0.0
1478.4475,4289.8352,4.0227,4.3305,488.0,300.0,20.0,256.0,12.0,0.0
1455.072,4216.1078,3.9873,4.2907,480.0,300.0,20.0,256.0,12.0,0.0
1419.6742,4176.8426,3.992,4.2963,480.0,300.0,20.0,256.0,12.0,0.0
1518.6673,4461.7162,4.0609,4.3675,472.0,300.0,20.0,256.0,12.0,0.0
1487.69,4373.3051,4.0733,4.3798,472.0,300.0,20.0,256.0,12.0,0.0
1596.5168,4948.785,4.1918,4.5178,488.0,300.0,20.0,256.0,12.0,0.0
1451.9946,4440.6061,4.0809,4.3945,480.0,300.0,20.0,256.0,12.0,0.0
1325.0579,4284.1878,3.983,4.2798,472.0,300.0,20.0,256.0,12.0,0.0
1390.9255,4576.4435,4.1492,4.4692,496.0,300.0,20.0,256.0,12.0,0.0
1490.0218,4610.2156,4.1465,4.4663,496.0,300.0,20.0,256.0,12.0,0.0
1396.6865,4535.1656,4.1049,4.4182,480.0,300.0,20.0,256.0,12.0,0.0
1613.062,4739.7047,4.106,4.4227,496.0,300.0,20.0,256.0,12.0,0.0
1354.3424,4411.9466,3.9692,4.2668,472.0,300.0,20.0,256.0,12.0,0.0
1424.3352,4698.6167,4.1457,4.469,488.0,300.0,20.0,256.0,12.0,0.0
1253.9104,3907.1726,3.837,4.1193,472.0,300.0,20.0,256.0,12.0,0.0
1455.2196,4822.6826,4.1243,4.446,488.0,300.0,20.0,256.0,12.0,0.0
1455.4897,4592.8415,4.0156,4.328,488.0,300.0,20.0,256.0,12.0,0.0
1447.5392,4318.4501,3.9732,4.2783,480.0,300.0,20.0,256.0,12.0,0.0
1299.7319,4365.0528,4.0868,4.3941,464.0,300.0,19.0,256.0,12.0,0.0
1301.7957,4374.1865,4.0897,4.3974,456.0,300.0,19.0,256.0,12.0,0.0
1386.126,4160.7092,3.9464,4.2428,464.0,300.0,19.0,256.0,12.0,0.0
1387.7805,4137.2722,3.9386,4.234,464.0,300.0,19.0,256.0,12.0,0.0
1317.0447,4098.949,3.9494,4.2404,456.0,300.0,19.0,256.0,12.0,0.0
1357.1857,4179.9923,3.9742,4.2661,464.0,300.0,20.0,256.0,12.0,0.0
1365.4029,4240.2421,4.0058,4.3002,464.0,300.0,20.0,256.0,12.0,0.0
1361.155,4249.9621,4.0037,4.2979,464.0,300.0,20.0,256.0,12.0,0.0
1233.8716,4192.7932,4.0233,4.3187,464.0,300.0,20.0,256.0,12.0,0.0
1426.7247,4237.7928,3.9977,4.2913,464.0,300.0,20.0,256.0,12.0,0.0
1323.9966,4022.3351,3.8876,4.1723,448.0,300.0,19.0,256.0,12.0,0.0
1510.8348,4153.8709,3.8715,4.1613,472.0,300.0,20.0,256.0,12.0,0.0
1353.5348,4285.1576,4.016,4.3191,472.0,300.0,20.0,256.0,12.0,0.0
1320.607,4133.5832,3.9307,4.2083,464.0,300.0,20.0,256.0,12.0,0.0
1361.8062,4242.7776,3.958,4.2556,464.0,300.0,19.0,256.0,12.0,0.0
1288.4796,3994.9977,3.8887,4.1734,448.0,300.0,19.0,256.0,12.0,0.0
1394.0168,4268.19,3.9878,4.2825,456.0,300.0,19.0,256.0,12.0,0.0
1354.9751,4259.9381,3.9939,4.2892,456.0,300.0,19.0,256.0,12.0,0.0
1390.4049,4219.4047,3.9707,4.2692,464.0,300.0,19.0,256.0,12.0,0.0
1352.55,4239.2753,3.969,4.2621,456.0,300.0,19.0,256.0,12.0,0.0
1417.73,4295.5266,3.979,4.2782,480.0,300.0,20.0,256.0,12.0,0.0
1387.7773,4531.8679,4.0526,4.3664,496.0,300.0,20.0,256.0,12.0,0.0
1509.5379,4296.0844,3.8624,4.1605,488.0,300.0,20.0,256.0,12.0,0.0
1509.5379,4296.0844,3.8624,4.1605,488.0,300.0,20.0,256.0,12.0,0.0
1463.2937,4608.1541,4.1488,4.4695,488.0,300.0,20.0,256.0,12.0,0.0
1589.2382,4738.7453,4.1538,4.4757,488.0,300.0,20.0,256.0,12.0,0.0
1452.6836,4537.0415,4.0806,4.3965,488.0,300.0,20.0,256.0,12.0,0.0
1516.3581,4573.1467,4.0711,4.3864,488.0,300.0,20.0,256.0,12.0,0.0
1357.6775,4693.0819,4.1492,4.4713,488.0,300.0,20.0,256.0,12.0,0.0
1393.7997,4535.9172,4.1101,4.4194,456.0,300.0,19.0,256.0,12.0,0.0
1327.6085,4475.7069,4.1082,4.4173,456.0,300.0,19.0,256.0,12.0,0.0
1299.8729,4447.5003,4.1109,4.4202,456.0,300.0,19.0,256.0,12.0,0.0
1327.6085,4475.7069,4.1082,4.4173,456.0,300.0,19.0,256.0,12.0,0.0
1391.7658,4524.246,4.1067,4.4157,456.0,300.0,19.0,256.0,12.0,0.0
1426.9255,4773.7195,4.1799,4.504,488.0,300.0,20.0,256.0,12.0,0.0
1511.5496,4602.4809,4.0479,4.3515,472.0,300.0,20.0,256.0,12.0,0.0
1288.9361,4042.9529,3.9114,4.1991,464.0,300.0,20.0,256.0,12.0,0.0
1416.2373,4444.5798,4.0616,4.362,456.0,300.0,19.0,256.0,12.0,0.0
1390.3207,4673.9535,4.14,4.4626,480.0,300.0,20.0,256.0,12.0,0.0
1510.9939,4735.501,4.1356,4.4573,488.0,300.0,20.0,256.0,12.0,0.0
1355.6937,4374.055,4.0525,4.3596,464.0,300.0,19.0,256.0,12.0,0.0
1424.1665,4676.6842,4.123,4.4355,472.0,300.0,20.0,256.0,12.0,0.0
1484.9863,4620.8572,4.076,4.3887,488.0,300.0,20.0,256.0,12.0,0.0
1459.888,4726.051,4.1532,4.4753,488.0,300.0,20.0,256.0,12.0,0.0
1519.4855,4841.2384,4.1607,4.4842,488.0,300.0,20.0,256.0,12.0,0.0
1326.3884,4495.8415,4.0121,4.3146,472.0,300.0,20.0,256.0,12.0,0.0
1426.926,4545.4751,4.0471,4.3625,488.0,300.0,20.0,256.0,12.0,0.0
1554.6673,4785.4778,4.1753,4.4998,488.0,300.0,20.0,256.0,12.0,0.0
1452.3864,4511.3751,4.0742,4.3824,472.0,300.0,20.0,256.0,12.0,0.0
1525.3542,4889.6267,4.2316,4.5615,488.0,300.0,20.0,256.0,12.0,0.0
1362.2777,4720.3385,4.2074,4.5339,488.0,300.0,20.0,256.0,12.0,0.0
1458.1534,4763.6059,4.1736,4.4976,488.0,300.0,20.0,256.0,12.0,0.0
1542.2314,4726.7489,4.1227,4.4344,472.0,300.0,20.0,256.0,12.0,0.0
1481.5554,4392.5708,4.062,4.3704,488.0,300.0,20.0,256.0,12.0,0.0
1489.6492,4531.0032,4.0901,4.4068,488.0,300.0,20.0,256.0,12.0,0.0
1361.3842,4595.1623,4.0806,4.3876,472.0,300.0,20.0,256.0,12.0,0.0
1422.459,4406.2511,4.0747,4.3761,456.0,300.0,19.0,256.0,12.0,0.0
1387.4013,4349.4024,4.0759,4.3815,488.0,300.0,20.0,256.0,12.0,0.0
1387.4013,4349.4024,4.0759,4.3815,488.0,300.0,20.0,256.0,12.0,0.0
1363.3265,4479.7325,4.0958,4.4071,464.0,300.0,19.0,256.0,12.0,0.0
1397.2525,4756.4903,4.1285,4.45,488.0,300.0,20.0,256.0,12.0,0.0
1422.5869,4204.559,4.0173,4.3276,496.0,300.0,20.0,256.0,12.0,0.0
1513.5319,4463.3785,4.077,4.3921,488.0,300.0,20.0,256.0,12.0,0.0
1390.537,4382.3611,4.0606,4.373,496.0,300.0,20.0,256.0,12.0,0.0
1383.4913,4269.4622,4.0286,4.3335,472.0,300.0,20.0,256.0,12.0,0.0
1383.3982,4263.5737,4.0244,4.329,472.0,300.0,20.0,256.0,12.0,0.0
1386.9578,4305.5715,3.9906,4.2846,464.0,300.0,19.0,256.0,12.0,0.0
1450.9001,4544.1259,4.1159,4.4314,488.0,300.0,20.0,256.0,12.0,0.0
1382.8226,4399.2094,3.9995,4.3073,480.0,300.0,20.0,256.0,12.0,0.0
1454.7526,4479.5587,4.006,4.3145,480.0,300.0,20.0,256.0,12.0,0.0
1454.7526,4479.5587,4.006,4.3145,480.0,300.0,20.0,256.0,12.0,0.0
1456.3659,4459.3585,4.0009,4.3088,480.0,300.0,20.0,256.0,12.0,0.0
1487.1976,4496.7298,4.0095,4.3182,488.0,300.0,20.0,256.0,12.0,0.0
1517.7803,4414.4002,3.9729,4.2783,488.0,300.0,20.0,256.0,12.0,0.0
1517.7803,4414.4002,3.9729,4.2783,488.0,300.0,20.0,256.0,12.0,0.0
1517.7803,4414.4002,3.9729,4.2783,488.0,300.0,20.0,256.0,12.0,0.0
1517.7803,4414.4002,3.9729,4.2783,488.0,300.0,20.0,256.0,12.0,0.0
1454.7526,4479.5587,4.006,4.3145,480.0,300.0,20.0,256.0,12.0,0.0
1454.7526,4479.5587,4.006,4.3145,480.0,300.0,20.0,256.0,12.0,0.0
1490.1138,4400.4002,3.9753,4.2809,488.0,300.0,20.0,256.0,12.0,0.0
1490.1138,4400.4002,3.9753,4.2809,488.0,300.0,20.0,256.0,12.0,0.0
1490.1138,4400.4002,3.9753,4.2809,488.0,300.0,20.0,256.0,12.0,0.0
1490.1138,4400.4002,3.9753,4.2809,488.0,300.0,20.0,256.0,12.0,0.0
1479.1543,4408.6718,3.9781,4.2838,488.0,300.0,20.0,256.0,12.0,0.0
1515.7678,4431.5218,3.9875,4.2934,488.0,300.0,20.0,256.0,12.0,0.0
1444.4279,4471.4286,4.0274,4.3288,472.0,300.0,20.0,256.0,12.0,0.0
1329.8336,4355.8011,3.9842,4.2833,472.0,300.0,20.0,256.0,12.0,0.0
1457.1998,4386.1288,4.0183,4.3246,480.0,300.0,20.0,256.0,12.0,0.0
1526.1401,4565.5835,4.0017,4.3073,480.0,300.0,20.0,256.0,12.0,0.0
1457.9208,4517.4993,4.001,4.3065,480.0,300.0,20.0,256.0,12.0,0.0
1464.7413,4564.5901,3.9894,4.2995,488.0,300.0,20.0,256.0,12.0,0.0
1464.7413,4564.5901,3.9894,4.2995,488.0,300.0,20.0,256.0,12.0,0.0
1427.9549,4505.3572,3.9415,4.2483,488.0,300.0,20.0,256.0,12.0,0.0
1455.0959,4527.8064,4.0675,4.3828,488.0,300.0,20.0,256.0,12.0,0.0
1328.4724,4330.1547,4.0536,4.3597,480.0,300.0,20.0,256.0,12.0,0.0
1395.067,4624.086,4.0141,4.3262,488.0,300.0,20.0,256.0,12.0,0.0
1455.841,4481.2027,4.0635,4.372,472.0,300.0,19.0,256.0,12.0,0.0
1455.841,4481.2027,4.0635,4.372,472.0,300.0,19.0,256.0,12.0,0.0
1388.6123,4469.8505,4.0613,4.3696,472.0,300.0,19.0,256.0,12.0,0.0
1455.841,4481.2027,4.0635,4.372,472.0,300.0,19.0,256.0,12.0,0.0
1388.6123,4469.8505,4.0613,4.3696,472.0,300.0,19.0,256.0,12.0,0.0
1388.6123,4469.8505,4.0613,4.3696,472.0,300.0,19.0,256.0,12.0,0.0
1352.87,4384.1267,4.0596,4.3677,472.0,300.0,19.0,256.0,12.0,0.0
1360.1384,4432.4372,4.0664,4.3752,472.0,300.0,19.0,256.0,12.0,0.0
1360.1384,4432.4372,4.0664,4.3752,472.0,300.0,19.0,256.0,12.0,0.0
1614.2559,4826.2743,4.0274,4.3414,488.0,300.0,20.0,256.0,12.0,0.0
1391.4628,4385.2139,4.0362,4.3399,472.0,300.0,19.0,256.0,12.0,0.0
1480.3891,4387.7811,3.9076,4.2124,480.0,300.0,20.0,256.0,12.0,0.0
1455.5503,4389.3291,3.9581,4.2652,488.0,300.0,20.0,256.0,12.0,0.0
1453.1487,4544.4113,3.9849,4.2959,488.0,300.0,20.0,256.0,12.0,0.0
1493.5146,4550.9706,3.9805,4.2908,488.0,300.0,20.0,256.0,12.0,0.0
1525.4055,4541.3515,3.9835,4.2945,488.0,300.0,20.0,256.0,12.0,0.0
1457.4367,4606.9778,4.0082,4.3216,488.0,300.0,20.0,256.0,12.0,0.0
1459.5986,4606.7824,4.1591,4.4739,480.0,300.0,20.0,256.0,12.0,0.0
1459.5986,4606.7824,4.1591,4.4739,480.0,300.0,20.0,256.0,12.0,0.0
1334.3434,4571.0081,4.1618,4.4768,480.0,300.0,20.0,256.0,12.0,0.0
1462.0998,4627.5602,4.1597,4.4745,472.0,300.0,20.0,256.0,12.0,0.0
1462.0998,4627.5602,4.1597,4.4745,472.0,300.0,20.0,256.0,12.0,0.0
1334.3434,4571.0081,4.1618,4.4768,480.0,300.0,20.0,256.0,12.0,0.0
1334.3434,4571.0081,4.1618,4.4768,480.0,300.0,20.0,256.0,12.0,0.0
1334.3434,4571.0081,4.1618,4.4768,480.0,300.0,20.0,256.0,12.0,0.0
1419.1173,4664.7936,4.1644,4.4792,480.0,300.0,20.0,256.0,12.0,0.0
1448.698,4493.949,3.9953,4.3037,480.0,300.0,20.0,256.0,12.0,0.0
1448.698,4493.949,3.9953,4.3037,480.0,300.0,20.0,256.0,12.0,0.0
1329.6221,4250.0275,4.0437,4.3514,496.0,300.0,20.0,256.0,12.0,0.0
1420.2818,4285.0619,3.963,4.2643,488.0,300.0,20.0,256.0,12.0,0.0
1389.9047,4210.0418,3.9663,4.2622,480.0,300.0,20.0,256.0,12.0,0.0
1453.7685,4260.8899,4.0182,4.3271,480.0,300.0,20.0,256.0,12.0,0.0
1325.0659,4644.8353,4.1075,4.4203,464.0,300.0,19.0,256.0,12.0,0.0
1331.7331,4324.1382,4.0352,4.3409,472.0,300.0,19.0,256.0,12.0,0.0
1398.1665,4644.8849,4.1126,4.4258,464.0,300.0,19.0,256.0,12.0,0.0
1305.9734,4519.0669,4.1054,4.4182,464.0,300.0,19.0,256.0,12.0,0.0
1466.5943,4650.8366,4.1122,4.4254,464.0,300.0,19.0,256.0,12.0,0.0
1424.8552,4615.2253,4.1143,4.4276,464.0,300.0,19.0,256.0,12.0,0.0
1358.9157,4645.941,4.1105,4.4235,472.0,300.0,19.0,256.0,12.0,0.0
1465.0613,4643.7069,4.1193,4.433,456.0,300.0,19.0,256.0,12.0,0.0
1392.0975,4269.1034,4.0439,4.3557,496.0,300.0,20.0,256.0,12.0,0.0
1482.8392,4201.6486,3.9519,4.2462,480.0,300.0,20.0,256.0,12.0,0.0
1549.7712,4290.0533,3.9034,4.1987,480.0,300.0,20.0,256.0,12.0,0.0
1549.7712,4290.0533,3.9034,4.1987,480.0,300.0,20.0,256.0,12.0,0.0
1549.7712,4290.0533,3.9034,4.1987,480.0,300.0,20.0,256.0,12.0,0.0
1383.8157,4122.6069,3.9171,4.2117,480.0,300.0,20.0,256.0,12.0,0.0
1383.8157,4122.6069,3.9171,4.2117,480.0,300.0,20.0,256.0,12.0,0.0
1353.7596,4200.8251,3.9124,4.2074,480.0,300.0,20.0,256.0,12.0,0.0
1549.7712,4290.0533,3.9034,4.1987,480.0,300.0,20.0,256.0,12.0,0.0
1549.7712,4290.0533,3.9034,4.1987,480.0,300.0,20.0,256.0,12.0,0.0
1549.7712,4290.0533,3.9034,4.1987,480.0,300.0,20.0,256.0,12.0,0.0
1355.2252,4393.1193,4.0115,4.3132,472.0,300.0,20.0,256.0,12.0,0.0
1486.467,4577.8755,4.0499,4.3551,480.0,300.0,20.0,256.0,12.0,0.0
1452.1725,4481.4378,4.0598,4.3717,488.0,300.0,20.0,256.0,12.0,0.0
1425.1133,4471.6407,4.0614,4.3733,488.0,300.0,20.0,256.0,12.0,0.0
1482.426,4530.8876,4.0655,4.3782,488.0,300.0,20.0,256.0,12.0,0.0
1523.3032,4499.3124,4.0769,4.3904,480.0,300.0,20.0,256.0,12.0,0.0
1354.2875,4438.6828,4.0627,4.3759,488.0,300.0,20.0,256.0,12.0,0.0
1332.0474,4211.0869,4.0287,4.3351,480.0,300.0,20.0,256.0,12.0,0.0
1326.2153,4184.4913,4.0236,4.3296,480.0,300.0,20.0,256.0,12.0,0.0
1332.0474,4211.0869,4.0287,4.3351,480.0,300.0,20.0,256.0,12.0,0.0
1332.0474,4211.0869,4.0287,4.3351,480.0,300.0,20.0,256.0,12.0,0.0
1482.4291,4241.0254,4.0302,4.3366,480.0,300.0,20.0,256.0,12.0,0.0
1479.0488,4305.6174,4.0281,4.3344,480.0,300.0,20.0,256.0,12.0,0.0
1486.9017,4218.4371,4.0281,4.3345,480.0,300.0,20.0,256.0,12.0,0.0
1283.1542,4052.2316,3.809,4.0881,448.0,300.0,18.0,256.0,12.0,0.0
1422.1507,4568.9,4.0964,4.4131,488.0,300.0,20.0,256.0,12.0,0.0
1460.5628,4635.5166,4.1309,4.4435,480.0,300.0,20.0,256.0,12.0,0.0
1449.3557,4646.2213,4.1263,4.4386,480.0,300.0,20.0,256.0,12.0,0.0
1449.3557,4646.2213,4.1263,4.4386,480.0,300.0,20.0,256.0,12.0,0.0
1420.3091,4587.3492,4.1231,4.4351,472.0,300.0,20.0,256.0,12.0,0.0
1420.3091,4587.3492,4.1231,4.4351,472.0,300.0,20.0,256.0,12.0,0.0
1420.3091,4587.3492,4.1231,4.4351,472.0,300.0,20.0,256.0,12.0,0.0
1551.4011,4563.2742,4.049,4.3601,480.0,300.0,20.0,256.0,12.0,0.0
1486.8627,4551.2131,4.0544,4.3666,480.0,300.0,20.0,256.0,12.0,0.0
1422.2297,4457.9228,4.058,4.3702,472.0,300.0,20.0,256.0,12.0,0.0
1555.2126,4588.0735,4.1215,4.4405,496.0,300.0,20.0,256.0,12.0,0.0
1485.6929,4502.9014,4.0969,4.4133,488.0,300.0,20.0,256.0,12.0,0.0
1646.3619,4629.0127,4.0813,4.3956,496.0,300.0,20.0,256.0,12.0,0.0
1352.1033,4416.7595,4.0252,4.3302,472.0,300.0,19.0,256.0,12.0,0.0
1352.1033,4416.7595,4.0252,4.3302,472.0,300.0,19.0,256.0,12.0,0.0
1352.1033,4416.7595,4.0252,4.3302,472.0,300.0,19.0,256.0,12.0,0.0
1386.3872,4324.4396,4.0127,4.3194,488.0,300.0,20.0,256.0,12.0,0.0
1357.0067,4374.4391,4.0655,4.3771,488.0,300.0,20.0,256.0,12.0,0.0
1393.2592,4415.3375,4.092,4.401,480.0,300.0,20.0,256.0,12.0,0.0
1427.5083,4461.2599,4.0895,4.3987,472.0,300.0,20.0,256.0,12.0,0.0
1390.3993,4584.138,4.1362,4.4569,488.0,300.0,20.0,256.0,12.0,0.0
1516.7069,4431.2846,3.9565,4.262,488.0,300.0,20.0,256.0,12.0,0.0
1516.7069,4431.2846,3.9565,4.262,488.0,300.0,20.0,256.0,12.0,0.0
1516.7069,4431.2846,3.9565,4.262,488.0,300.0,20.0,256.0,12.0,0.0
1488.9357,4531.0914,4.0377,4.3445,464.0,300.0,19.0,256.0,12.0,0.0
1422.9661,4529.0312,4.0812,4.3962,488.0,300.0,20.0,256.0,12.0,0.0
1483.9243,4496.4319,4.0811,4.3936,488.0,300.0,20.0,256.0,12.0,0.0
1324.1003,4227.7859,4.016,4.3092,456.0,300.0,20.0,256.0,12.0,0.0
1391.3948,4262.4435,4.0205,4.3139,456.0,300.0,20.0,256.0,12.0,0.0
1324.1003,4227.7859,4.016,4.3092,456.0,300.0,20.0,256.0,12.0,0.0
1481.5625,4642.6704,4.0695,4.3842,488.0,300.0,20.0,256.0,12.0,0.0
1485.4648,4584.6994,4.0595,4.3732,488.0,300.0,20.0,256.0,12.0,0.0
1365.4955,4534.7879,4.1308,4.4402,472.0,300.0,20.0,256.0,12.0,0.0
1386.6453,4382.9995,4.0503,4.3585,496.0,300.0,20.0,256.0,12.0,0.0
1412.9147,4174.6095,3.9559,4.2484,456.0,300.0,19.0,256.0,12.0,0.0
1423.3332,4604.1713,4.1001,4.4093,480.0,300.0,20.0,256.0,12.0,0.0
1424.6952,4810.1441,4.2148,4.5427,488.0,300.0,20.0,256.0,12.0,0.0
1457.215,4917.6391,4.2319,4.5615,488.0,300.0,20.0,256.0,12.0,0.0
1553.1886,4964.259,4.2206,4.5494,488.0,300.0,20.0,256.0,12.0,0.0
1488.8413,4868.6795,4.2273,4.5564,488.0,300.0,20.0,256.0,12.0,0.0
1460.1343,4876.0109,4.2298,4.5592,488.0,300.0,20.0,256.0,12.0,0.0
1356.3095,4436.4936,4.0046,4.3115,480.0,300.0,20.0,256.0,12.0,0.0
1432.639,4763.9353,4.1693,4.4938,488.0,300.0,20.0,256.0,12.0,0.0
1546.09,4518.9975,4.0328,4.344,488.0,300.0,20.0,256.0,12.0,0.0
1387.7666,4503.6524,4.0389,4.3508,496.0,300.0,20.0,256.0,12.0,0.0
1333.5487,4498.1446,4.1184,4.4285,456.0,300.0,19.0,256.0,12.0,0.0
1326.6921,4434.013,4.0596,4.36,456.0,300.0,19.0,256.0,12.0,0.0
1414.7784,4469.4928,4.078,4.386,472.0,300.0,20.0,256.0,12.0,0.0
1414.3077,4164.9106,3.9895,4.295,488.0,300.0,20.0,256.0,12.0,0.0
1424.4462,4248.844,4.0016,4.3081,488.0,300.0,20.0,256.0,12.0,0.0
1425.4195,4368.9963,4.0686,4.3784,488.0,300.0,20.0,256.0,12.0,0.0
1359.9804,4392.904,4.0825,4.391,464.0,300.0,19.0,256.0,12.0,0.0
1386.1108,4372.0503,4.0842,4.3921,480.0,300.0,20.0,256.0,12.0,0.0
1453.6634,4474.6999,4.0896,4.3975,480.0,300.0,20.0,256.0,12.0,0.0
1397.1312,4397.9282,4.0938,4.4022,464.0,300.0,19.0,256.0,12.0,0.0
1353.865,4327.5888,4.0897,4.3975,464.0,300.0,19.0,256.0,12.0,0.0
1358.4213,4372.2603,4.0981,4.4053,464.0,300.0,20.0,256.0,12.0,0.0
1388.8031,4098.7704,3.971,4.2713,480.0,300.0,20.0,256.0,12.0,0.0
1388.8031,4098.7704,3.971,4.2713,480.0,300.0,20.0,256.0,12.0,0.0
1388.8031,4098.7704,3.971,4.2713,480.0,300.0,20.0,256.0,12.0,0.0
1356.9843,4178.6647,3.9928,4.295,480.0,300.0,20.0,256.0,12.0,0.0
1388.8031,4098.7704,3.971,4.2713,480.0,300.0,20.0,256.0,12.0,0.0
1388.8031,4098.7704,3.971,4.2713,480.0,300.0,20.0,256.0,12.0,0.0
1388.8031,4098.7704,3.971,4.2713,480.0,300.0,20.0,256.0,12.0,0.0
1262.7393,4374.892,4.0701,4.3775,464.0,300.0,19.0,256.0,12.0,0.0
1548.0397,4602.0967,4.1181,4.4287,480.0,300.0,20.0,256.0,12.0,0.0
1419.4586,4495.0183,4.1158,4.4262,480.0,300.0,20.0,256.0,12.0,0.0
1392.3434,4440.1632,4.1046,4.4142,472.0,300.0,20.0,256.0,12.0,0.0
1522.1038,4524.5339,4.1171,4.4277,480.0,300.0,20.0,256.0,12.0,0.0
1479.4974,4470.151,4.1032,4.4127,480.0,300.0,20.0,256.0,12.0,0.0
1518.5557,4563.311,4.1164,4.4268,480.0,300.0,20.0,256.0,12.0,0.0
1419.2825,4451.5961,4.1072,4.4169,480.0,300.0,20.0,256.0,12.0,0.0
1455.0309,4505.4404,4.1206,4.4313,480.0,300.0,20.0,256.0,12.0,0.0
1548.0397,4602.0967,4.1181,4.4287,480.0,300.0,20.0,256.0,12.0,0.0
1359.549,4216.449,4.0262,4.3229,464.0,300.0,20.0,256.0,12.0,0.0
1288.3674,4271.1484,4.0363,4.3337,464.0,300.0,20.0,256.0,12.0,0.0
1449.5214,4330.3106,3.9663,4.271,480.0,300.0,20.0,256.0,12.0,0.0
1449.5214,4330.3106,3.9663,4.271,480.0,300.0,20.0,256.0,12.0,0.0
1293.3076,4298.5122,3.9795,4.2844,480.0,300.0,20.0,256.0,12.0,0.0
1192.8861,4101.4166,3.9375,4.233,464.0,300.0,19.0,256.0,12.0,0.0
1556.369,4897.7991,4.2054,4.5323,488.0,300.0,20.0,256.0,12.0,0.0
1455.1517,4788.9674,4.1201,4.4387,480.0,300.0,20.0,256.0,12.0,0.0
1522.1633,4768.2391,4.1369,4.4559,480.0,300.0,20.0,256.0,12.0,0.0
1522.1633,4768.2391,4.1369,4.4559,480.0,300.0,20.0,256.0,12.0,0.0
1522.1633,4768.2391,4.1369,4.4559,480.0,300.0,20.0,256.0,12.0,0.0
1323.4262,4421.1344,4.0271,4.3366,488.0,300.0,20.0,256.0,12.0,0.0
1418.758,4427.3502,4.0442,4.3554,480.0,300.0,20.0,256.0,12.0,0.0
1421.2565,4545.0383,4.1775,4.5019,480.0,300.0,20.0,256.0,12.0,0.0
1299.6687,4556.0893,4.1281,4.4418,472.0,300.0,20.0,256.0,12.0,0.0
1455.1243,4366.5178,3.9834,4.291,488.0,300.0,20.0,256.0,12.0,0.0
1394.5023,4507.9439,4.105,4.413,480.0,300.0,20.0,256.0,12.0,0.0
1526.1481,4749.826,4.2016,4.5278,488.0,300.0,20.0,256.0,12.0,0.0
1526.1481,4749.826,4.2016,4.5278,488.0,300.0,20.0,256.0,12.0,0.0
1526.1481,4749.826,4.2016,4.5278,488.0,300.0,20.0,256.0,12.0,0.0
1417.853,4525.2927,4.025,4.3314,472.0,300.0,19.0,256.0,12.0,0.0
1445.6195,4400.0846,3.8019,4.09,480.0,300.0,20.0,256.0,12.0,0.0
1385.7569,4363.4396,3.8073,4.0956,480.0,300.0,20.0,256.0,12.0,0.0
1357.0712,4383.1874,3.8526,4.1483,488.0,300.0,20.0,256.0,12.0,0.0
1385.8393,4423.9684,3.8664,4.1596,480.0,300.0,20.0,256.0,12.0,0.0
1382.0464,4483.6614,3.8877,4.1835,472.0,300.0,20.0,256.0,12.0,0.0
1390.8476,4503.5288,4.0542,4.3668,480.0,300.0,20.0,256.0,12.0,0.0
1480.6928,4545.652,3.9976,4.2996,480.0,300.0,20.0,256.0,12.0,0.0
1291.666,4439.3553,4.0214,4.3299,488.0,300.0,20.0,256.0,12.0,0.0
1420.1621,4489.8953,4.0166,4.3248,488.0,300.0,20.0,256.0,12.0,0.0
1357.8924,4507.837,4.0214,4.3299,488.0,300.0,20.0,256.0,12.0,0.0
1291.666,4439.3553,4.0214,4.3299,488.0,300.0,20.0,256.0,12.0,0.0
1291.666,4439.3553,4.0214,4.3299,488.0,300.0,20.0,256.0,12.0,0.0
1291.666,4439.3553,4.0214,4.3299,488.0,300.0,20.0,256.0,12.0,0.0
1357.8924,4507.837,4.0214,4.3299,488.0,300.0,20.0,256.0,12.0,0.0
1357.8924,4507.837,4.0214,4.3299,488.0,300.0,20.0,256.0,12.0,0.0
1291.666,4439.3553,4.0214,4.3299,488.0,300.0,20.0,256.0,12.0,0.0
1291.666,4439.3553,4.0214,4.3299,488.0,300.0,20.0,256.0,12.0,0.0
1291.666,4439.3553,4.0214,4.3299,488.0,300.0,20.0,256.0,12.0,0.0
1291.666,4439.3553,4.0214,4.3299,488.0,300.0,20.0,256.0,12.0,0.0
1357.8924,4507.837,4.0214,4.3299,488.0,300.0,20.0,256.0,12.0,0.0
1357.8924,4507.837,4.0214,4.3299,488.0,300.0,20.0,256.0,12.0,0.0
1357.8924,4507.837,4.0214,4.3299,488.0,300.0,20.0,256.0,12.0,0.0
1291.666,4439.3553,4.0214,4.3299,488.0,300.0,20.0,256.0,12.0,0.0
1291.666,4439.3553,4.0214,4.3299,488.0,300.0,20.0,256.0,12.0,0.0
1291.666,4439.3553,4.0214,4.3299,488.0,300.0,20.0,256.0,12.0,0.0
1291.666,4439.3553,4.0214,4.3299,488.0,300.0,20.0,256.0,12.0,0.0
1357.8924,4507.837,4.0214,4.3299,488.0,300.0,20.0,256.0,12.0,0.0
1484.6908,4634.2783,4.0222,4.3314,488.0,300.0,20.0,256.0,12.0,0.0
1385.061,4454.4034,3.9794,4.2812,472.0,300.0,19.0,256.0,12.0,0.0
1353.3584,4444.9563,3.9755,4.2771,472.0,300.0,19.0,256.0,12.0,0.0
1353.3584,4444.9563,3.9755,4.2771,472.0,300.0,19.0,256.0,12.0,0.0
1413.1707,4498.0933,3.9515,4.2542,464.0,300.0,19.0,256.0,12.0,0.0
1413.6162,4565.1117,3.9475,4.2498,464.0,300.0,19.0,256.0,12.0,0.0
1448.6624,4611.4823,4.0514,4.364,480.0,300.0,20.0,256.0,12.0,0.0
1446.3098,4544.7575,4.0541,4.3675,480.0,300.0,20.0,256.0,12.0,0.0
1382.189,4552.4736,4.0593,4.3724,480.0,300.0,20.0,256.0,12.0,0.0
1453.1502,4594.7544,4.0574,4.3704,480.0,300.0,20.0,256.0,12.0,0.0
1453.1502,4594.7544,4.0574,4.3704,480.0,300.0,20.0,256.0,12.0,0.0
1453.1502,4594.7544,4.0574,4.3704,480.0,300.0,20.0,256.0,12.0,0.0
1453.1502,4594.7544,4.0574,4.3704,480.0,300.0,20.0,256.0,12.0,0.0
1453.1502,4594.7544,4.0574,4.3704,480.0,300.0,20.0,256.0,12.0,0.0
1448.6624,4611.4823,4.0514,4.364,480.0,300.0,20.0,256.0,12.0,0.0
1453.1502,4594.7544,4.0574,4.3704,480.0,300.0,20.0,256.0,12.0,0.0
1453.1502,4594.7544,4.0574,4.3704,480.0,300.0,20.0,256.0,12.0,0.0
1448.6624,4611.4823,4.0514,4.364,480.0,300.0,20.0,256.0,12.0,0.0
1354.8187,4532.1631,4.0589,4.3724,480.0,300.0,20.0,256.0,12.0,0.0
1453.1502,4594.7544,4.0574,4.3704,480.0,300.0,20.0,256.0,12.0,0.0
1354.965,4422.9588,3.9637,4.2627,472.0,300.0,20.0,256.0,12.0,0.0
1320.2218,4485.1615,4.0176,4.3258,488.0,300.0,20.0,256.0,12.0,0.0
1320.2218,4485.1615,4.0176,4.3258,488.0,300.0,20.0,256.0,12.0,0.0
1291.666,4439.3553,4.0214,4.3299,488.0,300.0,20.0,256.0,12.0,0.0
1357.9773,4508.0138,4.0201,4.3285,488.0,300.0,20.0,256.0,12.0,0.0
1357.8924,4507.837,4.0214,4.3299,488.0,300.0,20.0,256.0,12.0,0.0
1357.8924,4507.837,4.0214,4.3299,488.0,300.0,20.0,256.0,12.0,0.0
1481.7261,4577.4098,3.9853,4.2892,472.0,300.0,19.0,256.0,12.0,0.0
1323.1598,4487.984,4.0088,4.311,472.0,300.0,20.0,256.0,12.0,0.0
1323.1598,4487.984,4.0088,4.311,472.0,300.0,20.0,256.0,12.0,0.0
1323.1598,4487.984,4.0088,4.311,472.0,300.0,20.0,256.0,12.0,0.0
1323.1598,4487.984,4.0088,4.311,472.0,300.0,20.0,256.0,12.0,0.0
1323.1598,4487.984,4.0088,4.311,472.0,300.0,20.0,256.0,12.0,0.0
1323.1598,4487.984,4.0088,4.311,472.0,300.0,20.0,256.0,12.0,0.0
1323.1598,4487.984,4.0088,4.311,472.0,300.0,20.0,256.0,12.0,0.0
1323.1598,4487.984,4.0088,4.311,472.0,300.0,20.0,256.0,12.0,0.0
1424.8108,4335.4687,3.9306,4.2207,456.0,300.0,20.0,256.0,12.0,0.0
1452.0499,4467.9895,4.0229,4.333,496.0,300.0,20.0,256.0,12.0,0.0
1518.8042,4464.4908,4.082,4.3958,496.0,300.0,20.0,256.0,12.0,0.0
1586.2582,4490.7818,4.0887,4.4042,488.0,300.0,20.0,256.0,12.0,0.0
1380.5528,4275.7202,3.9817,4.2795,472.0,300.0,20.0,256.0,12.0,0.0
1361.4303,4406.9049,3.9796,4.2716,464.0,300.0,20.0,256.0,12.0,0.0
1417.1616,4468.7101,3.988,4.2865,472.0,300.0,20.0,256.0,12.0,0.0
1411.9974,4454.7575,3.973,4.2694,480.0,300.0,20.0,256.0,12.0,0.0
1391.7108,4401.6482,4.0336,4.3348,472.0,300.0,20.0,256.0,12.0,0.0
1437.2704,3971.7551,3.8015,4.078,456.0,300.0,19.0,256.0,12.0,0.0
1350.7094,3900.5364,3.8103,4.0874,456.0,300.0,19.0,256.0,12.0,0.0
1550.3164,4545.1732,4.0664,4.3732,472.0,300.0,20.0,256.0,12.0,0.0
1423.0414,4482.1847,4.0702,4.3769,472.0,300.0,20.0,256.0,12.0,0.0
1356.77,4510.7512,4.0868,4.396,472.0,300.0,20.0,256.0,12.0,0.0
1423.4326,4520.4043,4.0846,4.3934,472.0,300.0,20.0,256.0,12.0,0.0
1388.0213,4244.3977,3.9429,4.2341,456.0,300.0,19.0,256.0,12.0,0.0
1316.8687,4207.2478,3.9349,4.2345,488.0,300.0,20.0,256.0,12.0,0.0
1423.4412,4271.3737,4.0199,4.3206,472.0,300.0,20.0,256.0,12.0,0.0
1520.198,4660.4273,4.1199,4.4394,488.0,300.0,20.0,256.0,12.0,0.0
1453.1809,4077.21,3.9744,4.2771,488.0,300.0,20.0,256.0,12.0,0.0
1423.7876,4499.0055,4.0184,4.3302,496.0,300.0,20.0,256.0,12.0,0.0
1524.085,4843.4714,4.1953,4.521,488.0,300.0,20.0,256.0,12.0,0.0
1409.3621,4273.4077,3.8026,4.0918,480.0,300.0,20.0,256.0,12.0,0.0
1316.1837,4147.4988,3.7891,4.0766,480.0,300.0,20.0,256.0,12.0,0.0
1287.3619,4166.3362,3.7884,4.074,496.0,300.0,20.0,256.0,12.0,0.0
1405.1341,4264.2374,3.7825,4.0691,488.0,300.0,20.0,256.0,12.0,0.0
1471.6641,4274.7592,3.79,4.0779,480.0,300.0,20.0,256.0,12.0,0.0
1352.4179,4257.8034,4.0447,4.3468,472.0,300.0,20.0,256.0,12.0,0.0
1463.6927,4653.0576,4.1646,4.4863,496.0,300.0,20.0,256.0,12.0,0.0
1358.9712,4421.8221,4.0523,4.3568,480.0,300.0,20.0,256.0,12.0,0.0
1359.8016,4487.5723,4.1181,4.4362,496.0,300.0,20.0,256.0,12.0,0.0
1484.5527,4592.3018,4.1194,4.4376,496.0,300.0,20.0,256.0,12.0,0.0
1453.6751,4564.0345,4.1256,4.445,488.0,300.0,20.0,256.0,12.0,0.0
1454.6046,4500.4127,4.1163,4.435,488.0,300.0,20.0,256.0,12.0,0.0
1490.2873,4652.1686,4.1303,4.4494,496.0,300.0,20.0,256.0,12.0,0.0
1482.9902,4386.6329,4.0328,4.3438,496.0,300.0,20.0,256.0,12.0,0.0
1263.4199,4308.5899,4.0571,4.3571,456.0,300.0,19.0,256.0,12.0,0.0
1405.1399,4148.3996,3.7991,4.0908,488.0,300.0,20.0,256.0,12.0,0.0
1425.4533,4367.1505,4.0227,4.3326,496.0,300.0,20.0,256.0,12.0,0.0
1511.1677,4433.8515,4.0234,4.3333,496.0,300.0,20.0,256.0,12.0,0.0
1446.4304,4465.8498,3.9893,4.2956,480.0,300.0,20.0,256.0,12.0,0.0
1420.543,4482.7758,4.0249,4.3345,488.0,300.0,20.0,256.0,12.0,0.0
1386.7636,4584.5882,4.0951,4.4118,488.0,300.0,20.0,256.0,12.0,0.0
1550.8807,4551.5526,4.0942,4.4025,480.0,300.0,20.0,256.0,12.0,0.0
1455.7489,4383.7921,4.1162,4.4342,488.0,300.0,20.0,256.0,12.0,0.0
1515.3833,4620.3067,4.1263,4.4378,480.0,300.0,20.0,256.0,12.0,0.0
1519.5746,4685.1617,4.1298,4.4505,488.0,300.0,20.0,256.0,12.0,0.0
1238.2659,4371.2172,4.0319,4.3323,448.0,300.0,18.0,256.0,12.0,0.0
1374.7784,4067.6754,3.8411,4.1326,480.0,300.0,20.0,256.0,12.0,0.0
1452.7074,4664.7733,4.1127,4.4247,472.0,300.0,20.0,256.0,12.0,0.0
1364.8816,4589.8483,4.1335,4.4469,472.0,300.0,20.0,256.0,12.0,0.0
1384.2657,4078.4804,3.8213,4.0987,472.0,300.0,20.0,256.0,12.0,0.0
1399.6757,4454.1715,4.0775,4.386,480.0,300.0,20.0,256.0,12.0,0.0
1421.0889,4309.4258,3.9889,4.2873,472.0,300.0,20.0,256.0,12.0,0.0
1421.2051,4423.3973,4.0683,4.3756,472.0,300.0,20.0,256.0,12.0,0.0
1459.7322,4402.1011,4.0479,4.3523,480.0,300.0,20.0,256.0,12.0,0.0
1554.422,4509.7702,4.0515,4.3561,480.0,300.0,20.0,256.0,12.0,0.0
1554.422,4509.7702,4.0515,4.3561,480.0,300.0,20.0,256.0,12.0,0.0
1554.422,4509.7702,4.0515,4.3561,480.0,300.0,20.0,256.0,12.0,0.0
1391.5857,4368.8391,4.0494,4.3538,480.0,300.0,20.0,256.0,12.0,0.0
1520.2698,4473.3582,4.0459,4.35,480.0,300.0,20.0,256.0,12.0,0.0
1459.7322,4402.1011,4.0479,4.3523,480.0,300.0,20.0,256.0,12.0,0.0
1457.6473,4402.1093,4.0485,4.3529,480.0,300.0,20.0,256.0,12.0,0.0
1463.0245,4562.5648,4.066,4.3761,456.0,300.0,19.0,256.0,12.0,0.0
1463.0245,4562.5648,4.066,4.3761,456.0,300.0,19.0,256.0,12.0,0.0
1222.7618,3700.5808,3.7314,3.9969,456.0,300.0,20.0,256.0,12.0,0.0
1295.9069,4484.3967,4.0082,4.3097,472.0,300.0,20.0,256.0,12.0,0.0
1484.0154,4440.234,4.0547,4.3686,488.0,300.0,20.0,256.0,12.0,0.0
1484.0154,4440.234,4.0547,4.3686,488.0,300.0,20.0,256.0,12.0,0.0
1459.0499,4512.5622,4.1,4.4168,496.0,300.0,20.0,256.0,12.0,0.0
1390.2068,4194.4184,3.9789,4.2805,464.0,300.0,19.0,256.0,12.0,0.0
1325.6996,4259.1008,3.9914,4.2928,472.0,300.0,19.0,256.0,12.0,0.0
1359.4466,4477.0921,4.0248,4.3307,472.0,300.0,19.0,256.0,12.0,0.0
1548.001,4404.9408,4.0228,4.3267,472.0,300.0,19.0,256.0,12.0,0.0
1395.3468,4421.2658,4.0418,4.3487,472.0,300.0,19.0,256.0,12.0,0.0
1456.2387,4395.3906,4.0296,4.3345,472.0,300.0,19.0,256.0,12.0,0.0
1575.6905,4583.6026,4.04,4.3514,488.0,300.0,20.0,256.0,12.0,0.0
1393.3228,4467.8574,4.045,4.3512,472.0,300.0,20.0,256.0,12.0,0.0
1361.1121,4364.0281,3.998,4.3035,480.0,300.0,20.0,256.0,12.0,0.0
1489.3765,4453.6227,4.0526,4.3652,464.0,300.0,20.0,256.0,12.0,0.0
1519.7741,4497.4657,4.0228,4.3275,472.0,300.0,20.0,256.0,12.0,0.0
1646.6258,4522.2994,4.0297,4.3397,488.0,300.0,20.0,256.0,12.0,0.0
1458.7858,4486.1818,4.0582,4.3714,488.0,300.0,20.0,256.0,12.0,0.0
1519.4924,4785.2925,4.1454,4.4676,488.0,300.0,20.0,256.0,12.0,0.0
1388.9279,4305.0073,3.9236,4.2173,472.0,300.0,20.0,256.0,12.0,0.0
1451.8471,4378.5387,3.9251,4.219,472.0,300.0,20.0,256.0,12.0,0.0
1393.123,4279.9271,4.0061,4.3078,480.0,300.0,20.0,256.0,12.0,0.0
1354.1011,4458.9954,4.035,4.3414,472.0,300.0,19.0,256.0,12.0,0.0
1420.0722,4584.7488,4.0364,4.3391,472.0,300.0,20.0,256.0,12.0,0.0
1457.2369,4738.5596,4.1196,4.4379,480.0,300.0,20.0,256.0,12.0,0.0
1456.4365,4432.7506,4.053,4.3661,488.0,300.0,20.0,256.0,12.0,0.0
1296.0339,4360.3955,4.0381,4.3404,472.0,300.0,20.0,256.0,12.0,0.0
1553.141,4629.9731,4.1523,4.4733,496.0,300.0,20.0,256.0,12.0,0.0
1497.5802,4591.7123,4.1726,4.4952,496.0,300.0,20.0,256.0,12.0,0.0
1456.8321,4604.2051,4.1121,4.429,480.0,300.0,20.0,256.0,12.0,0.0
1456.8321,4604.2051,4.1121,4.429,480.0,300.0,20.0,256.0,12.0,0.0
1426.2676,4549.986,4.1042,4.4206,480.0,300.0,20.0,256.0,12.0,0.0
1456.4931,4738.0522,4.1557,4.4769,496.0,300.0,20.0,256.0,12.0,0.0
1361.6135,4435.7595,4.1255,4.4434,488.0,300.0,20.0,256.0,12.0,0.0
1484.0087,4635.0854,4.0278,4.3412,488.0,300.0,20.0,256.0,12.0,0.0
1347.8535,4047.1399,3.8231,4.1175,488.0,300.0,20.0,256.0,12.0,0.0
1577.1695,4573.3586,4.0642,4.3771,496.0,300.0,20.0,256.0,12.0,0.0
1446.9564,4491.3738,3.9543,4.262,488.0,300.0,20.0,256.0,12.0,0.0
1357.3408,4495.7913,4.1252,4.4368,472.0,300.0,20.0,256.0,12.0,0.0
1349.15,4155.6709,3.9666,4.26,472.0,300.0,20.0,256.0,12.0,0.0
1319.1141,4223.8567,3.9569,4.2532,472.0,300.0,19.0,256.0,12.0,0.0
1517.7075,4531.8664,4.0835,4.3986,496.0,300.0,20.0,256.0,12.0,0.0
1513.3837,4479.601,4.0713,4.3838,488.0,300.0,20.0,256.0,12.0,0.0
1354.2789,4297.3431,3.9851,4.2838,472.0,300.0,20.0,256.0,12.0,0.0
1456.1377,4747.3562,4.2117,4.5385,488.0,300.0,20.0,256.0,12.0,0.0
1367.8882,4307.3066,4.0472,4.3503,472.0,300.0,20.0,256.0,12.0,0.0
1360.0568,4357.3683,4.0163,4.3104,464.0,300.0,20.0,256.0,12.0,0.0
1450.5772,4216.1378,3.9486,4.2424,480.0,300.0,20.0,256.0,12.0,0.0
1385.8043,4288.6814,4.0373,4.3315,472.0,300.0,20.0,256.0,12.0,0.0
1298.0069,4276.2735,3.9847,4.2817,464.0,300.0,19.0,256.0,12.0,0.0
1427.9194,4420.2462,4.0408,4.3357,456.0,300.0,20.0,256.0,12.0,0.0
1326.3134,4563.4114,4.0293,4.3344,472.0,300.0,20.0,256.0,12.0,0.0
1520.7372,4782.1521,4.1726,4.4966,488.0,300.0,20.0,256.0,12.0,0.0
1462.8322,4566.304,4.1453,4.466,488.0,300.0,20.0,256.0,12.0,0.0
1520.8128,4502.931,4.0092,4.3184,480.0,300.0,20.0,256.0,12.0,0.0
1447.197,4513.1428,4.0168,4.3248,488.0,300.0,20.0,256.0,12.0,0.0
1365.1318,4328.9096,4.0583,4.3687,480.0,300.0,20.0,256.0,12.0,0.0
1298.9603,4466.238,4.0832,4.3912,456.0,300.0,19.0,256.0,12.0,0.0
1366.1045,4479.2548,4.0779,4.3853,464.0,300.0,19.0,256.0,12.0,0.0
1366.1045,4479.2548,4.0779,4.3853,464.0,300.0,19.0,256.0,12.0,0.0
1302.4454,4434.4765,4.0794,4.3869,464.0,300.0,19.0,256.0,12.0,0.0
1432.9034,4496.3924,4.0863,4.3957,472.0,300.0,19.0,256.0,12.0,0.0
1366.1045,4479.2548,4.0779,4.3853,464.0,300.0,19.0,256.0,12.0,0.0
1324.4984,4323.8622,4.0274,4.3325,488.0,300.0,20.0,256.0,12.0,0.0
1554.8279,4693.7681,3.9639,4.2754,488.0,300.0,20.0,256.0,12.0,0.0
1542.6983,4491.2923,3.9895,4.3011,488.0,300.0,20.0,256.0,12.0,0.0
1361.7823,4594.0866,4.171,4.4919,496.0,300.0,20.0,256.0,12.0,0.0
1457.2167,4646.9121,4.1696,4.491,496.0,300.0,20.0,256.0,12.0,0.0
1349.5806,4293.4172,4.0304,4.3411,496.0,300.0,20.0,256.0,12.0,0.0
1522.756,4439.8846,4.0188,4.3304,488.0,300.0,20.0,256.0,12.0,0.0
1430.3435,4464.5411,4.1218,4.4325,480.0,300.0,20.0,256.0,12.0,0.0
1390.9397,4273.574,3.9458,4.2468,480.0,300.0,20.0,256.0,12.0,0.0
1299.2765,4405.2093,4.0518,4.3547,472.0,300.0,20.0,256.0,12.0,0.0
1385.3198,4281.8672,4.0677,4.3734,472.0,300.0,20.0,256.0,12.0,0.0
1448.5743,4338.2619,3.9896,4.2906,472.0,300.0,19.0,256.0,12.0,0.0
1452.3948,4481.7665,4.1539,4.4743,496.0,300.0,20.0,256.0,12.0,0.0
1360.0711,4312.7225,4.0786,4.3909,488.0,300.0,20.0,256.0,12.0,0.0
1426.2811,4380.9744,4.0734,4.3854,488.0,300.0,20.0,256.0,12.0,0.0
1308.1038,3709.3582,3.6316,3.9037,480.0,300.0,20.0,256.0,12.0,0.0
1420.2157,4442.6327,4.0235,4.3291,472.0,300.0,19.0,256.0,12.0,0.0
1365.7792,4407.3101,4.0729,4.3853,480.0,300.0,20.0,256.0,12.0,0.0
1360.1099,4445.9699,4.0809,4.3938,488.0,300.0,20.0,256.0,12.0,0.0
1487.677,4492.6306,4.0736,4.3861,480.0,300.0,20.0,256.0,12.0,0.0
1389.7507,4401.4783,4.0701,4.38,480.0,300.0,20.0,256.0,12.0,0.0
1441.6341,4296.3215,3.9434,4.2472,488.0,300.0,20.0,256.0,12.0,0.0
1450.044,4370.9318,4.023,4.3334,496.0,300.0,20.0,256.0,12.0,0.0
1548.1539,4514.7059,4.0796,4.3947,496.0,300.0,20.0,256.0,12.0,0.0
1482.9204,4503.9232,4.065,4.377,488.0,300.0,20.0,256.0,12.0,0.0
1352.5892,4442.4184,4.0471,4.3556,480.0,300.0,20.0,256.0,12.0,0.0
1393.4847,4411.5612,4.0807,4.3812,464.0,300.0,20.0,256.0,12.0,0.0
1381.1533,4231.6307,3.9356,4.2355,496.0,300.0,20.0,256.0,12.0,0.0
1261.755,4135.957,3.9898,4.2815,456.0,300.0,20.0,256.0,12.0,0.0
1408.7507,4327.5025,4.0282,4.3382,480.0,300.0,20.0,256.0,12.0,0.0
1551.845,4738.7835,4.1825,4.507,488.0,300.0,20.0,256.0,12.0,0.0
1323.9882,4139.6748,3.9945,4.2923,472.0,300.0,20.0,256.0,12.0,0.0
1285.9448,4100.248,3.9327,4.227,472.0,300.0,19.0,256.0,12.0,0.0
1290.3318,4092.0843,3.8324,4.1186,456.0,300.0,19.0,256.0,12.0,0.0
1316.5986,4116.6279,3.8326,4.1187,456.0,300.0,19.0,256.0,12.0,0.0
1284.5612,4083.4688,3.8791,4.1754,496.0,300.0,20.0,256.0,12.0,0.0
1313.9055,4118.5793,3.8796,4.1762,496.0,300.0,20.0,256.0,12.0,0.0
1474.5382,4297.9427,3.8867,4.1816,472.0,300.0,19.0,256.0,12.0,0.0
1282.2487,4225.6697,3.8943,4.1899,472.0,300.0,19.0,256.0,12.0,0.0
1282.2487,4225.6697,3.8943,4.1899,472.0,300.0,19.0,256.0,12.0,0.0
1418.2838,4519.6954,4.1426,4.4609,496.0,300.0,20.0,256.0,12.0,0.0
1460.9334,4601.1522,4.0393,4.3522,496.0,300.0,20.0,256.0,12.0,0.0
1456.0643,4455.1541,3.9722,4.2786,488.0,300.0,20.0,256.0,12.0,0.0
1424.4083,4434.1343,4.0269,4.336,488.0,300.0,20.0,256.0,12.0,0.0
1429.714,4487.68,4.1335,4.4526,496.0,300.0,20.0,256.0,12.0,0.0
1542.0405,4518.7772,4.0117,4.3141,480.0,300.0,19.0,256.0,12.0,0.0
1388.1409,4318.2784,4.0484,4.3598,480.0,300.0,20.0,256.0,12.0,0.0
1386.7301,3976.9113,3.8485,4.1308,464.0,300.0,20.0,256.0,12.0,0.0
1507.7872,4208.7748,3.9217,4.222,488.0,300.0,20.0,256.0,12.0,0.0
1391.1078,4409.9491,4.0054,4.3064,472.0,300.0,20.0,256.0,12.0,0.0
1350.9205,4479.2214,4.0707,4.3767,464.0,300.0,20.0,256.0,12.0,0.0
1417.3901,4455.5521,4.0635,4.3628,464.0,300.0,20.0,256.0,12.0,0.0
1256.6452,3956.4685,3.8895,4.1721,464.0,300.0,20.0,256.0,12.0,0.0
1487.5468,4628.2213,4.1013,4.4093,472.0,300.0,20.0,256.0,12.0,0.0
1487.5468,4628.2213,4.1013,4.4093,472.0,300.0,20.0,256.0,12.0,0.0
1487.5468,4628.2213,4.1013,4.4093,472.0,300.0,20.0,256.0,12.0,0.0
1423.3355,4471.6539,4.0407,4.3527,496.0,300.0,20.0,256.0,12.0,0.0
1358.9988,4228.3858,4.037,4.3459,488.0,300.0,20.0,256.0,12.0,0.0
1450.8224,4243.8504,3.9739,4.2735,480.0,300.0,19.0,256.0,12.0,0.0
1320.4396,4130.8827,3.9447,4.2411,464.0,300.0,19.0,256.0,12.0,0.0
1483.0148,4320.0162,3.9691,4.2704,464.0,300.0,19.0,256.0,12.0,0.0
1419.4696,4255.1732,3.9752,4.2764,472.0,300.0,19.0,256.0,12.0,0.0
1323.6185,4167.4363,3.9808,4.28,472.0,300.0,19.0,256.0,12.0,0.0
1421.088,4232.3241,3.978,4.2771,480.0,300.0,19.0,256.0,12.0,0.0
1227.3054,4130.1227,3.9773,4.2753,464.0,300.0,19.0,256.0,12.0,0.0
1291.0181,4106.1725,3.916,4.2035,464.0,300.0,19.0,256.0,12.0,0.0
1422.1718,4359.9408,3.9994,4.3019,472.0,300.0,19.0,256.0,12.0,0.0
1222.5768,3858.9064,3.8256,4.1041,448.0,300.0,19.0,256.0,12.0,0.0
1353.0354,4315.745,3.9817,4.2836,472.0,300.0,19.0,256.0,12.0,0.0
1353.0354,4315.745,3.9817,4.2836,472.0,300.0,19.0,256.0,12.0,0.0
1454.0954,4436.797,4.0441,4.347,472.0,300.0,20.0,256.0,12.0,0.0
1300.1429,4304.578,4.0522,4.3554,472.0,300.0,20.0,256.0,12.0,0.0
1360.6468,4373.8523,4.0441,4.3469,472.0,300.0,20.0,256.0,12.0,0.0
1360.6517,4337.8681,4.0266,4.3279,472.0,300.0,20.0,256.0,12.0,0.0
1490.8794,4421.5134,4.0162,4.32,472.0,300.0,20.0,256.0,12.0,0.0
1419.4608,4361.7533,4.0567,4.3694,480.0,300.0,20.0,256.0,12.0,0.0
1422.9457,4596.7975,4.1287,4.4486,488.0,300.0,20.0,256.0,12.0,0.0
1428.0383,4469.7288,4.0471,4.3529,480.0,300.0,20.0,256.0,12.0,0.0
1364.1486,4416.1321,4.052,4.3574,480.0,300.0,20.0,256.0,12.0,0.0
1355.8871,4439.3742,4.0585,4.3571,464.0,300.0,20.0,256.0,12.0,0.0
1361.185,4453.6408,4.0386,4.3375,456.0,300.0,19.0,256.0,12.0,0.0
1301.089,4393.1194,4.0363,4.335,456.0,300.0,19.0,256.0,12.0,0.0
1355.8871,4439.3742,4.0585,4.3571,464.0,300.0,20.0,256.0,12.0,0.0
1430.1764,4479.3177,4.0582,4.3571,464.0,300.0,20.0,256.0,12.0,0.0
1395.4031,4473.2504,4.0551,4.3538,464.0,300.0,20.0,256.0,12.0,0.0
1359.7332,4533.6417,4.0763,4.3767,464.0,300.0,20.0,256.0,12.0,0.0
1359.7332,4533.6417,4.0763,4.3767,464.0,300.0,20.0,256.0,12.0,0.0
1298.4312,4393.7465,4.0388,4.3377,456.0,300.0,19.0,256.0,12.0,0.0
1361.185,4453.6408,4.0386,4.3375,456.0,300.0,19.0,256.0,12.0,0.0
1362.0269,4527.3965,4.0788,4.3793,464.0,300.0,20.0,256.0,12.0,0.0
1362.0414,4525.2984,4.0791,4.3796,464.0,300.0,20.0,256.0,12.0,0.0
1395.4231,4495.499,4.0566,4.3554,464.0,300.0,20.0,256.0,12.0,0.0
1358.162,4463.5969,4.0731,4.3802,480.0,300.0,20.0,256.0,12.0,0.0
1328.4175,4525.4695,4.1013,4.4083,472.0,300.0,20.0,256.0,12.0,0.0
1428.9716,4545.2346,4.083,4.3832,464.0,300.0,20.0,256.0,12.0,0.0
1257.8868,4414.3205,4.0846,4.385,464.0,300.0,20.0,256.0,12.0,0.0
1419.83,4651.6603,4.086,4.4012,488.0,300.0,20.0,256.0,12.0,0.0
1391.4108,4451.9483,4.0427,4.3519,480.0,300.0,20.0,256.0,12.0,0.0
1425.5041,4469.5335,4.0401,4.349,480.0,300.0,20.0,256.0,12.0,0.0
1395.4754,4436.6284,4.0394,4.3483,480.0,300.0,20.0,256.0,12.0,0.0
1455.9942,4492.8454,4.0385,4.3473,480.0,300.0,20.0,256.0,12.0,0.0
1453.0552,4578.9692,4.051,4.3646,480.0,300.0,20.0,256.0,12.0,0.0
1581.2087,4823.2342,4.1681,4.4836,472.0,300.0,20.0,256.0,12.0,0.0
1460.5272,4713.4664,4.1147,4.435,488.0,300.0,20.0,256.0,12.0,0.0
1618.4653,4775.4648,4.1432,4.4645,488.0,300.0,20.0,256.0,12.0,0.0
1386.005,4520.6859,4.0847,4.3849,464.0,300.0,20.0,256.0,12.0,0.0
1185.0399,3389.1185,3.3106,3.5514,424.0,300.0,18.0,256.0,12.0,0.0
1426.9956,4547.5133,4.1179,4.4345,480.0,300.0,20.0,256.0,12.0,0.0
1462.5972,4381.8259,4.0261,4.3309,472.0,300.0,20.0,256.0,12.0,0.0
1425.3341,4261.8834,4.0333,4.3351,480.0,300.0,20.0,256.0,12.0,0.0
1358.5641,4221.4987,4.0367,4.3387,480.0,300.0,20.0,256.0,12.0,0.0
1461.2419,4673.4378,4.0943,4.4101,480.0,300.0,20.0,256.0,12.0,0.0
1456.8835,4634.3603,4.1209,4.4379,488.0,300.0,20.0,256.0,12.0,0.0
1330.8262,4575.1815,4.1106,4.427,480.0,300.0,20.0,256.0,12.0,0.0
1423.7976,4436.2332,4.0791,4.3906,488.0,300.0,20.0,256.0,12.0,0.0
1356.8492,4459.1732,4.0519,4.3601,464.0,300.0,19.0,256.0,12.0,0.0
1388.1767,4497.665,4.0527,4.361,464.0,300.0,19.0,256.0,12.0,0.0
1452.6184,4462.7574,4.0968,4.4103,480.0,300.0,20.0,256.0,12.0,0.0
1515.0784,4524.1183,4.0153,4.316,472.0,300.0,19.0,256.0,12.0,0.0
1354.8819,4312.977,4.0489,4.3515,472.0,300.0,20.0,256.0,12.0,0.0
1494.0983,4565.9575,4.1107,4.4274,480.0,300.0,20.0,256.0,12.0,0.0
1321.9978,4133.3309,3.6821,3.957,464.0,300.0,20.0,256.0,12.0,0.0
1419.9802,4475.0262,4.0393,4.3523,488.0,300.0,20.0,256.0,12.0,0.0
1252.9338,3899.2879,3.8436,4.1258,456.0,300.0,19.0,256.0,12.0,0.0
1421.3934,4472.5936,4.0902,4.4057,488.0,300.0,20.0,256.0,12.0,0.0
1432.3094,4702.5091,4.1286,4.4472,472.0,300.0,20.0,256.0,12.0,0.0
1365.6711,4669.9707,4.1471,4.4686,488.0,300.0,20.0,256.0,12.0,0.0
1459.5273,4577.173,4.0954,4.411,480.0,300.0,20.0,256.0,12.0,0.0
1423.565,4506.3986,4.0947,4.4057,472.0,300.0,19.0,256.0,12.0,0.0
1446.3249,4519.8063,4.0288,4.3369,488.0,300.0,20.0,256.0,12.0,0.0
1354.1543,4389.7507,4.0466,4.3567,488.0,300.0,20.0,256.0,12.0,0.0
1520.7343,4659.2211,4.1577,4.4801,488.0,300.0,20.0,256.0,12.0,0.0
1520.7343,4659.2211,4.1577,4.4801,488.0,300.0,20.0,256.0,12.0,0.0
1362.0604,4566.0334,4.157,4.479,488.0,300.0,20.0,256.0,12.0,0.0
1589.2833,4871.063,4.1952,4.5215,488.0,300.0,20.0,256.0,12.0,0.0
1328.7825,4440.5211,4.0629,4.3748,488.0,300.0,20.0,256.0,12.0,0.0
1416.5434,4626.5997,4.0634,4.3745,480.0,300.0,20.0,256.0,12.0,0.0
1239.298,4582.2586,4.1613,4.4763,480.0,300.0,20.0,256.0,12.0,0.0
1462.7088,4765.4122,4.1675,4.4828,480.0,300.0,20.0,256.0,12.0,0.0
1303.6442,4626.9356,4.1704,4.4854,480.0,300.0,20.0,256.0,12.0,0.0
1418.9836,4410.333,3.9856,4.2955,488.0,300.0,20.0,256.0,12.0,0.0
1417.8566,4398.9552,3.9192,4.2239,496.0,300.0,20.0,256.0,12.0,0.0
1328.211,4298.7518,4.0332,4.3392,464.0,300.0,19.0,256.0,12.0,0.0
1359.995,4412.1714,4.0416,4.3483,472.0,300.0,19.0,256.0,12.0,0.0
1333.6013,4191.3164,4.0518,4.3475,472.0,300.0,20.0,256.0,12.0,0.0
1386.7352,4212.2691,3.9945,4.2951,480.0,300.0,20.0,256.0,12.0,0.0
1360.5438,4694.4277,4.1806,4.4969,480.0,300.0,20.0,256.0,12.0,0.0
1477.6573,4677.9473,4.0787,4.3951,496.0,300.0,20.0,256.0,12.0,0.0
1485.1276,4535.0501,4.1346,4.4534,496.0,300.0,20.0,256.0,12.0,0.0
1483.3591,4424.3488,4.0393,4.3495,488.0,300.0,20.0,256.0,12.0,0.0
1460.2237,4677.8754,4.0826,4.3931,472.0,300.0,20.0,256.0,12.0,0.0
1458.5456,4601.7085,4.158,4.4802,488.0,300.0,20.0,256.0,12.0,0.0
1454.5189,4585.4394,4.1562,4.4783,488.0,300.0,20.0,256.0,12.0,0.0
1426.0878,4559.8374,4.1599,4.4822,488.0,300.0,20.0,256.0,12.0,0.0
1425.6063,4610.7394,4.1667,4.4896,488.0,300.0,20.0,256.0,12.0,0.0
1460.063,4648.0328,4.1224,4.4363,480.0,300.0,20.0,256.0,12.0,0.0
1519.5405,4559.8748,4.0982,4.4148,488.0,300.0,20.0,256.0,12.0,0.0
1321.4125,4401.1318,4.1198,4.4355,488.0,300.0,20.0,256.0,12.0,0.0
1415.9643,4273.6632,3.8797,4.1763,480.0,300.0,20.0,256.0,12.0,0.0
1426.0691,4612.6435,4.1514,4.4721,496.0,300.0,20.0,256.0,12.0,0.0
1573.5991,4629.0163,4.1288,4.4415,464.0,300.0,20.0,256.0,12.0,0.0
1489.2824,4720.2045,4.1398,4.4625,488.0,300.0,20.0,256.0,12.0,0.0
1483.9336,4235.8919,3.9704,4.271,472.0,300.0,19.0,256.0,12.0,0.0
1430.8447,4489.578,4.1101,4.4204,472.0,300.0,20.0,256.0,12.0,0.0
1392.6896,4400.5035,4.0943,4.4036,472.0,300.0,20.0,256.0,12.0,0.0
1333.2533,4468.7627,4.1053,4.4152,472.0,300.0,20.0,256.0,12.0,0.0
1488.8069,4703.3774,4.1827,4.5062,496.0,300.0,20.0,256.0,12.0,0.0
1316.2973,4264.6018,3.8879,4.1832,480.0,300.0,20.0,256.0,12.0,0.0
1441.3261,4173.0685,3.895,4.1926,488.0,300.0,20.0,256.0,12.0,0.0
1412.4881,4433.1823,4.0304,4.3421,488.0,300.0,20.0,256.0,12.0,0.0
1451.4541,4413.2836,4.0182,4.3292,488.0,300.0,20.0,256.0,12.0,0.0
1418.538,4416.4325,4.0222,4.3333,488.0,300.0,20.0,256.0,12.0,0.0
1354.1103,4344.1536,4.0263,4.3376,488.0,300.0,20.0,256.0,12.0,0.0
1484.4942,4459.6335,4.0199,4.3311,488.0,300.0,20.0,256.0,12.0,0.0
1512.2504,4440.2857,4.0162,4.3269,488.0,300.0,20.0,256.0,12.0,0.0
1444.4815,4448.2439,4.0329,4.3446,488.0,300.0,20.0,256.0,12.0,0.0
1444.4815,4448.2439,4.0329,4.3446,488.0,300.0,20.0,256.0,12.0,0.0
1444.4815,4448.2439,4.0329,4.3446,488.0,300.0,20.0,256.0,12.0,0.0
1444.4815,4448.2439,4.0329,4.3446,488.0,300.0,20.0,256.0,12.0,0.0
1420.9375,4387.1751,4.0169,4.3279,488.0,300.0,20.0,256.0,12.0,0.0
1451.4541,4413.2836,4.0182,4.3292,488.0,300.0,20.0,256.0,12.0,0.0
1451.8453,4346.6454,4.0276,4.3391,488.0,300.0,20.0,256.0,12.0,0.0
1451.8453,4346.6454,4.0276,4.3391,488.0,300.0,20.0,256.0,12.0,0.0
1415.5053,4391.9761,4.031,4.3426,488.0,300.0,20.0,256.0,12.0,0.0
1508.2291,4425.8125,4.0235,4.3349,488.0,300.0,20.0,256.0,12.0,0.0
1537.2544,4420.3716,4.0188,4.3293,488.0,300.0,20.0,256.0,12.0,0.0
1423.8768,4282.5066,3.9831,4.2898,488.0,300.0,20.0,256.0,12.0,0.0
1388.4203,4457.1839,4.0569,4.3714,488.0,300.0,20.0,256.0,12.0,0.0
1359.3925,4200.7493,3.9926,4.2959,464.0,300.0,19.0,256.0,12.0,0.0
1414.3673,4306.0662,4.0239,4.326,464.0,300.0,19.0,256.0,12.0,0.0
1414.3673,4306.0662,4.0239,4.326,464.0,300.0,19.0,256.0,12.0,0.0
1286.6259,4166.9575,3.9879,4.2856,464.0,300.0,19.0,256.0,12.0,0.0
1286.6259,4166.9575,3.9879,4.2856,464.0,300.0,19.0,256.0,12.0,0.0
1448.4538,4504.8493,4.0355,4.3477,488.0,300.0,20.0,256.0,12.0,0.0
1452.5535,4504.4721,4.0647,4.3791,488.0,300.0,20.0,256.0,12.0,0.0
1485.6685,4449.0757,4.0483,4.3611,488.0,300.0,20.0,256.0,12.0,0.0
1453.161,4327.8483,3.9552,4.2527,472.0,300.0,20.0,256.0,12.0,0.0
1413.9115,4297.3081,3.9364,4.232,472.0,300.0,20.0,256.0,12.0,0.0
1420.985,4667.6437,4.1162,4.4342,496.0,300.0,20.0,256.0,12.0,0.0
1384.25,4092.3708,3.9044,4.2043,488.0,300.0,20.0,256.0,12.0,0.0
1317.8812,4443.488,4.0119,4.3148,464.0,300.0,19.0,256.0,12.0,0.0
1426.4473,4189.5691,4.0047,4.3039,472.0,300.0,20.0,256.0,12.0,0.0
1484.3551,4361.2423,4.0412,4.3434,472.0,300.0,20.0,256.0,12.0,0.0
1461.2114,4757.5781,4.1984,4.5231,488.0,300.0,20.0,256.0,12.0,0.0
1428.1738,4581.3616,4.0234,4.3373,488.0,300.0,20.0,256.0,12.0,0.0
1355.2589,4149.4194,3.9669,4.2599,472.0,300.0,20.0,256.0,12.0,0.0
1392.193,4718.6236,4.2064,4.5322,496.0,300.0,20.0,256.0,12.0,0.0
1459.9979,4324.449,4.039,4.3442,472.0,300.0,20.0,256.0,12.0,0.0
1548.4107,4705.4817,4.1386,4.4584,496.0,300.0,20.0,256.0,12.0,0.0
1457.505,4536.232,4.0665,4.3735,472.0,300.0,20.0,256.0,12.0,0.0
1329.0647,4454.0871,4.0805,4.3899,472.0,300.0,19.0,256.0,12.0,0.0
1292.7121,4343.5656,4.0091,4.3073,448.0,300.0,18.0,256.0,12.0,0.0
1335.6781,4480.5569,4.1383,4.4502,480.0,300.0,20.0,256.0,12.0,0.0
1235.2654,4084.7547,3.938,4.2296,456.0,300.0,18.0,256.0,12.0,0.0
1265.721,4094.3412,3.9327,4.2235,456.0,300.0,18.0,256.0,12.0,0.0
1422.5998,4232.5445,3.9952,4.2947,464.0,300.0,19.0,256.0,12.0,0.0
1385.6675,4275.2283,4.0372,4.3387,472.0,300.0,20.0,256.0,12.0,0.0
1365.6692,4190.5034,3.9906,4.2844,464.0,300.0,20.0,256.0,12.0,0.0
1480.8815,4215.2953,3.9749,4.2729,480.0,300.0,20.0,256.0,12.0,0.0
1431.1535,4240.8844,3.9986,4.2962,456.0,300.0,19.0,256.0,12.0,0.0
1425.9797,4674.1201,4.0896,4.4061,488.0,300.0,20.0,256.0,12.0,0.0
1519.1718,4720.7805,4.0924,4.4092,496.0,300.0,20.0,256.0,12.0,0.0
1559.7417,4722.0581,4.1788,4.5021,496.0,300.0,20.0,256.0,12.0,0.0
1422.2147,4317.345,4.0506,4.3526,472.0,300.0,20.0,256.0,12.0,0.0
1509.7662,4426.4798,4.0772,4.3892,488.0,300.0,20.0,256.0,12.0,0.0
1359.8842,4362.5903,4.0859,4.399,488.0,300.0,20.0,256.0,12.0,0.0
1485.4114,4629.8636,4.0814,4.3963,496.0,300.0,20.0,256.0,12.0,0.0
1454.3682,4415.3751,4.0293,4.3331,472.0,300.0,20.0,256.0,12.0,0.0
1292.5642,4256.9531,4.0366,4.3418,472.0,300.0,20.0,256.0,12.0,0.0
1398.9288,4342.1104,4.0373,4.3426,472.0,300.0,20.0,256.0,12.0,0.0
1398.9288,4342.1104,4.0373,4.3426,472.0,300.0,20.0,256.0,12.0,0.0
1398.9288,4342.1104,4.0373,4.3426,472.0,300.0,20.0,256.0,12.0,0.0
1398.9288,4342.1104,4.0373,4.3426,472.0,300.0,20.0,256.0,12.0,0.0
1398.9288,4342.1104,4.0373,4.3426,472.0,300.0,20.0,256.0,12.0,0.0
1396.097,4335.8987,4.0372,4.3425,472.0,300.0,20.0,256.0,12.0,0.0
1329.4293,4298.4259,4.0399,4.3453,472.0,300.0,20.0,256.0,12.0,0.0
1398.9288,4342.1104,4.0373,4.3426,472.0,300.0,20.0,256.0,12.0,0.0
1398.9288,4342.1104,4.0373,4.3426,472.0,300.0,20.0,256.0,12.0,0.0
1398.9288,4342.1104,4.0373,4.3426,472.0,300.0,20.0,256.0,12.0,0.0
1398.9288,4342.1104,4.0373,4.3426,472.0,300.0,20.0,256.0,12.0,0.0
1398.9288,4342.1104,4.0373,4.3426,472.0,300.0,20.0,256.0,12.0,0.0
1398.9288,4342.1104,4.0373,4.3426,472.0,300.0,20.0,256.0,12.0,0.0
1329.4293,4298.4259,4.0399,4.3453,472.0,300.0,20.0,256.0,12.0,0.0
1398.9288,4342.1104,4.0373,4.3426,472.0,300.0,20.0,256.0,12.0,0.0
1398.9288,4342.1104,4.0373,4.3426,472.0,300.0,20.0,256.0,12.0,0.0
1398.9288,4342.1104,4.0373,4.3426,472.0,300.0,20.0,256.0,12.0,0.0
1398.9288,4342.1104,4.0373,4.3426,472.0,300.0,20.0,256.0,12.0,0.0
1396.097,4335.8987,4.0372,4.3425,472.0,300.0,20.0,256.0,12.0,0.0
1398.9288,4342.1104,4.0373,4.3426,472.0,300.0,20.0,256.0,12.0,0.0
1448.1656,4377.5214,4.0387,4.343,480.0,300.0,20.0,256.0,12.0,0.0
1331.293,4286.3943,4.0215,4.3255,472.0,300.0,20.0,256.0,12.0,0.0
1360.6868,4275.2357,4.0167,4.3197,472.0,300.0,20.0,256.0,12.0,0.0
1457.038,4443.4828,4.017,4.3211,472.0,300.0,20.0,256.0,12.0,0.0
1457.038,4443.4828,4.017,4.3211,472.0,300.0,20.0,256.0,12.0,0.0
1457.038,4443.4828,4.017,4.3211,472.0,300.0,20.0,256.0,12.0,0.0
1457.038,4443.4828,4.017,4.3211,472.0,300.0,20.0,256.0,12.0,0.0
1457.038,4443.4828,4.017,4.3211,472.0,300.0,20.0,256.0,12.0,0.0
1457.038,4443.4828,4.017,4.3211,472.0,300.0,20.0,256.0,12.0,0.0
1457.038,4443.4828,4.017,4.3211,472.0,300.0,20.0,256.0,12.0,0.0
1457.038,4443.4828,4.017,4.3211,472.0,300.0,20.0,256.0,12.0,0.0
1457.038,4443.4828,4.017,4.3211,472.0,300.0,20.0,256.0,12.0,0.0
1457.038,4443.4828,4.017,4.3211,472.0,300.0,20.0,256.0,12.0,0.0
1457.038,4443.4828,4.017,4.3211,472.0,300.0,20.0,256.0,12.0,0.0
1454.4124,4403.2334,4.0162,4.3201,472.0,300.0,20.0,256.0,12.0,0.0
1457.038,4443.4828,4.017,4.3211,472.0,300.0,20.0,256.0,12.0,0.0
1457.038,4443.4828,4.017,4.3211,472.0,300.0,20.0,256.0,12.0,0.0
1326.4385,4204.6026,3.9765,4.277,472.0,300.0,19.0,256.0,12.0,0.0
1292.5642,4256.9531,4.0366,4.3418,472.0,300.0,20.0,256.0,12.0,0.0
1576.5368,4442.4357,4.039,4.3443,472.0,300.0,20.0,256.0,12.0,0.0
1398.9288,4342.1104,4.0373,4.3426,472.0,300.0,20.0,256.0,12.0,0.0
1577.0066,4464.2491,4.0395,4.345,472.0,300.0,20.0,256.0,12.0,0.0
1576.5039,4454.6202,4.0349,4.34,472.0,300.0,20.0,256.0,12.0,0.0
1398.9288,4342.1104,4.0373,4.3426,472.0,300.0,20.0,256.0,12.0,0.0
1390.954,4382.6543,4.0826,4.3872,472.0,300.0,20.0,256.0,12.0,0.0
1451.4638,4437.9536,4.1216,4.4402,488.0,300.0,20.0,256.0,12.0,0.0
1460.7304,4408.435,4.0547,4.3614,472.0,300.0,20.0,256.0,12.0,0.0
1320.8236,4348.7567,4.0019,4.2997,480.0,300.0,20.0,256.0,12.0,0.0
1529.0491,4872.7164,4.1948,4.5191,488.0,300.0,20.0,256.0,12.0,0.0
1419.0825,4541.3836,4.0992,4.4087,480.0,300.0,20.0,256.0,12.0,0.0
1390.2877,4470.7805,4.0621,4.368,480.0,300.0,20.0,256.0,12.0,0.0
1493.4015,4459.46,4.0597,4.3657,472.0,300.0,20.0,256.0,12.0,0.0
1391.8164,4554.6289,4.0538,4.3519,464.0,300.0,20.0,256.0,12.0,0.0
1427.4212,4677.4711,4.0569,4.3554,464.0,300.0,20.0,256.0,12.0,0.0
1391.8164,4554.6289,4.0538,4.3519,464.0,300.0,20.0,256.0,12.0,0.0
1427.4212,4677.4711,4.0569,4.3554,464.0,300.0,20.0,256.0,12.0,0.0
1233.0324,4315.692,3.8955,4.1748,432.0,300.0,18.0,256.0,12.0,0.0
1201.3308,4282.9276,3.8968,4.1761,432.0,300.0,18.0,256.0,12.0,0.0
1233.0324,4315.692,3.8955,4.1748,432.0,300.0,18.0,256.0,12.0,0.0
1233.0324,4315.692,3.8955,4.1748,432.0,300.0,18.0,256.0,12.0,0.0
1198.9066,4298.1065,3.8911,4.1701,432.0,300.0,18.0,256.0,12.0,0.0
1198.9066,4298.1065,3.8911,4.1701,432.0,300.0,18.0,256.0,12.0,0.0
1197.4584,4332.3883,3.8993,4.1788,432.0,300.0,18.0,256.0,12.0,0.0
1233.0324,4315.692,3.8955,4.1748,432.0,300.0,18.0,256.0,12.0,0.0
1291.1077,4380.8552,3.9005,4.1801,432.0,300.0,18.0,256.0,12.0,0.0
1260.34,4376.2922,3.9015,4.1812,432.0,300.0,18.0,256.0,12.0,0.0
1201.3308,4282.9276,3.8968,4.1761,432.0,300.0,18.0,256.0,12.0,0.0
1226.2518,4364.2376,3.8909,4.1699,432.0,300.0,18.0,256.0,12.0,0.0
1378.4469,4284.8881,3.9875,4.2884,464.0,300.0,20.0,256.0,12.0,0.0
1360.4351,4281.5577,4.024,4.3236,472.0,300.0,20.0,256.0,12.0,0.0
1425.5287,4557.3823,4.13,4.4457,480.0,300.0,20.0,256.0,12.0,0.0
1355.9315,4376.8498,4.0261,4.3329,464.0,300.0,19.0,256.0,12.0,0.0
1356.9245,4321.3676,4.0044,4.3044,472.0,300.0,20.0,256.0,12.0,0.0
1287.157,3819.6641,3.7826,4.0544,440.0,300.0,19.0,256.0,12.0,0.0
1318.5191,4163.7057,3.892,4.1822,456.0,300.0,19.0,256.0,12.0,0.0
1318.6711,4168.7432,3.8948,4.1852,456.0,300.0,19.0,256.0,12.0,0.0
1318.5191,4163.7057,3.892,4.1822,456.0,300.0,19.0,256.0,12.0,0.0
1323.5201,4175.6078,3.8974,4.1878,456.0,300.0,19.0,256.0,12.0,0.0
1318.5191,4163.7057,3.892,4.1822,456.0,300.0,19.0,256.0,12.0,0.0
1442.9992,4317.3501,3.9011,4.1921,456.0,300.0,19.0,256.0,12.0,0.0
1390.0148,4421.6995,4.0685,4.3749,464.0,300.0,19.0,256.0,12.0,0.0
1290.1229,4116.6963,3.9761,4.278,472.0,300.0,20.0,256.0,12.0,0.0
1359.4516,4443.9133,4.024,4.3284,472.0,300.0,20.0,256.0,12.0,0.0
1359.4516,4443.9133,4.024,4.3284,472.0,300.0,20.0,256.0,12.0,0.0
1359.4516,4443.9133,4.024,4.3284,472.0,300.0,20.0,256.0,12.0,0.0
1310.275,3778.4378,3.7069,3.9762,464.0,300.0,19.0,256.0,12.0,0.0
1368.1564,4518.5141,4.0941,4.403,472.0,300.0,20.0,256.0,12.0,0.0
1294.765,4250.9308,3.9861,4.282,448.0,300.0,18.0,256.0,12.0,0.0
1422.061,4419.6362,4.0709,4.3838,496.0,300.0,20.0,256.0,12.0,0.0
1419.4819,4415.6875,4.0706,4.3835,496.0,300.0,20.0,256.0,12.0,0.0
1422.061,4419.6362,4.0709,4.3838,496.0,300.0,20.0,256.0,12.0,0.0
1419.4819,4415.6875,4.0706,4.3835,496.0,300.0,20.0,256.0,12.0,0.0
1411.1167,4329.1854,3.9357,4.2272,448.0,300.0,18.0,256.0,12.0,0.0
1350.5987,4159.4299,3.8129,4.0948,456.0,300.0,18.0,256.0,12.0,0.0
1449.4814,4371.6926,3.956,4.2488,456.0,300.0,19.0,256.0,12.0,0.0
1389.8718,4422.348,3.9492,4.2405,464.0,300.0,19.0,256.0,12.0,0.0
1387.5104,4500.3868,4.0573,4.3616,472.0,300.0,20.0,256.0,12.0,0.0
1390.1531,4442.1529,4.0418,4.3389,464.0,300.0,20.0,256.0,12.0,0.0
1353.2811,4296.7792,4.0021,4.296,464.0,300.0,20.0,256.0,12.0,0.0
1453.385,4527.4535,4.0643,4.3635,464.0,300.0,20.0,256.0,12.0,0.0
1393.3831,4408.1659,4.0433,4.3455,472.0,300.0,20.0,256.0,12.0,0.0
1447.07,4551.072,4.0674,4.3721,472.0,300.0,20.0,256.0,12.0,0.0
1325.528,4167.9148,3.947,4.2458,472.0,300.0,19.0,256.0,12.0,0.0
1506.4554,4134.9806,3.6582,3.9396,480.0,300.0,20.0,256.0,12.0,0.0
1488.2182,4460.1582,4.0389,4.3523,488.0,300.0,20.0,256.0,12.0,0.0
1580.0149,4639.0298,4.1298,4.4499,488.0,300.0,20.0,256.0,12.0,0.0
1575.4527,4505.1992,4.0581,4.373,488.0,300.0,20.0,256.0,12.0,0.0
1352.7003,4009.6381,3.7722,4.0539,456.0,300.0,19.0,256.0,12.0,0.0
1392.975,4410.8058,4.0519,4.3475,464.0,300.0,20.0,256.0,12.0,0.0
1512.1085,4637.379,4.0478,4.3626,488.0,300.0,20.0,256.0,12.0,0.0
1482.35,4671.7296,4.0758,4.3917,488.0,300.0,20.0,256.0,12.0,0.0
1424.3798,4582.6849,4.1188,4.4295,480.0,300.0,20.0,256.0,12.0,0.0
1263.2881,4152.7044,3.9428,4.2323,448.0,300.0,19.0,256.0,12.0,0.0
1584.1967,4765.0055,4.0991,4.4135,488.0,300.0,20.0,256.0,12.0,0.0
1279.4081,3872.2388,3.7659,4.0391,432.0,300.0,18.0,256.0,12.0,0.0
1387.8076,4461.2076,4.104,4.414,472.0,300.0,20.0,256.0,12.0,0.0
1521.3215,4861.7622,4.1809,4.5071,488.0,300.0,20.0,256.0,12.0,0.0
1552.521,4626.8232,4.0942,4.4119,488.0,300.0,20.0,256.0,12.0,0.0
1383.491,4446.5971,4.0435,4.3404,464.0,300.0,20.0,256.0,12.0,0.0
1326.8177,4514.8356,4.0973,4.4084,488.0,300.0,20.0,256.0,12.0,0.0
1554.2997,4631.0201,4.1141,4.4334,488.0,300.0,20.0,256.0,12.0,0.0
1452.2315,4540.7831,4.0893,4.3999,464.0,300.0,19.0,256.0,12.0,0.0
1490.5184,4636.8858,4.1255,4.4368,480.0,300.0,20.0,256.0,12.0,0.0
1428.9546,4532.2439,4.1005,4.4165,480.0,300.0,20.0,256.0,12.0,0.0
1323.2659,4511.2638,4.0667,4.3722,488.0,300.0,20.0,256.0,12.0,0.0
1391.5234,4579.9835,4.1532,4.4757,488.0,300.0,20.0,256.0,12.0,0.0
1577.5942,4746.7945,4.1506,4.4735,488.0,300.0,20.0,256.0,12.0,0.0
1485.7375,4658.5369,4.0862,4.3939,480.0,300.0,20.0,256.0,12.0,0.0
1516.912,4685.9931,4.1827,4.5058,496.0,300.0,20.0,256.0,12.0,0.0
1491.4976,4662.3553,4.1351,4.4573,488.0,300.0,20.0,256.0,12.0,0.0
1486.7514,4725.6582,4.1496,4.4729,488.0,300.0,20.0,256.0,12.0,0.0
1487.0856,4691.791,4.0799,4.3956,488.0,300.0,20.0,256.0,12.0,0.0
1413.7885,4160.368,3.7802,4.0706,480.0,300.0,20.0,256.0,12.0,0.0
1483.4046,4225.0328,3.9771,4.2772,472.0,300.0,20.0,256.0,12.0,0.0
1462.4534,4515.3974,4.1257,4.4441,496.0,300.0,20.0,256.0,12.0,0.0
1425.8973,4474.0123,4.1041,4.4218,488.0,300.0,20.0,256.0,12.0,0.0
1412.9682,4242.5136,3.8767,4.1687,472.0,300.0,20.0,256.0,12.0,0.0
1351.2244,4192.5751,3.8814,4.174,472.0,300.0,20.0,256.0,12.0,0.0
1450.9018,4247.8839,3.9534,4.2512,480.0,300.0,20.0,256.0,12.0,0.0
1368.7748,4617.3248,4.1531,4.4762,488.0,300.0,20.0,256.0,12.0,0.0
1462.1443,4769.1093,4.208,4.535,488.0,300.0,20.0,256.0,12.0,0.0
1455.2777,4649.7232,4.1843,4.5086,488.0,300.0,20.0,256.0,12.0,0.0
1491.2082,4709.4556,4.1857,4.5108,488.0,300.0,20.0,256.0,12.0,0.0
1456.3805,4752.0544,4.1881,4.5133,488.0,300.0,20.0,256.0,12.0,0.0
1319.8622,4190.8993,3.9195,4.208,456.0,300.0,19.0,256.0,12.0,0.0
1364.2617,4296.8348,4.0316,4.3401,488.0,300.0,20.0,256.0,12.0,0.0
1354.1586,4378.5107,4.0265,4.3276,464.0,300.0,19.0,256.0,12.0,0.0
1480.9163,4457.5996,4.0813,4.3914,480.0,300.0,20.0,256.0,12.0,0.0
1522.4396,4684.8736,4.1423,4.4639,488.0,300.0,20.0,256.0,12.0,0.0
1380.1203,4038.2223,3.5084,3.78,480.0,300.0,20.0,256.0,12.0,0.0
1420.0186,4229.0324,3.9793,4.2832,488.0,300.0,20.0,256.0,12.0,0.0
1392.7594,4122.3395,3.9767,4.2789,480.0,300.0,20.0,256.0,12.0,0.0
1418.4344,4093.2527,3.9647,4.2666,480.0,300.0,20.0,256.0,12.0,0.0
1418.855,4146.0967,3.978,4.2803,480.0,300.0,20.0,256.0,12.0,0.0
1418.4344,4093.2527,3.9647,4.2666,480.0,300.0,20.0,256.0,12.0,0.0
1425.5238,4539.341,4.1352,4.4536,496.0,300.0,20.0,256.0,12.0,0.0
1433.1337,4422.4621,4.0439,4.3465,472.0,300.0,20.0,256.0,12.0,0.0
1410.1622,4192.8306,3.7414,4.0253,464.0,300.0,20.0,256.0,12.0,0.0
1384.6692,4380.1007,3.9453,4.2431,480.0,300.0,20.0,256.0,12.0,0.0
1551.6652,4684.7709,4.126,4.4468,488.0,300.0,20.0,256.0,12.0,0.0
1515.7276,4644.0541,4.0201,4.3323,488.0,300.0,20.0,256.0,12.0,0.0
1540.144,4481.2299,4.0608,4.3738,488.0,300.0,20.0,256.0,12.0,0.0
1573.3476,4625.2293,4.0941,4.4101,488.0,300.0,20.0,256.0,12.0,0.0
1427.8474,4662.1257,4.0856,4.4028,488.0,300.0,20.0,256.0,12.0,0.0
1451.7074,4346.7083,4.0824,4.396,480.0,300.0,20.0,256.0,12.0,0.0
1289.7099,4149.8957,3.9791,4.2777,480.0,300.0,20.0,256.0,12.0,0.0
1483.6452,4235.5902,3.9801,4.2697,472.0,300.0,20.0,256.0,12.0,0.0
1416.9318,4423.784,4.0833,4.3907,480.0,300.0,20.0,256.0,12.0,0.0
1430.1556,4395.7303,4.1016,4.4103,480.0,300.0,20.0,256.0,12.0,0.0
1456.0516,4458.5382,4.1011,4.4097,480.0,300.0,20.0,256.0,12.0,0.0
1384.894,4158.376,3.9143,4.2097,496.0,300.0,20.0,256.0,12.0,0.0
1331.9924,4565.0006,4.0738,4.3819,456.0,300.0,19.0,256.0,12.0,0.0
1525.7379,4718.3409,4.1606,4.4755,480.0,300.0,20.0,256.0,12.0,0.0
1488.9153,4445.2388,3.9924,4.3001,480.0,300.0,20.0,256.0,12.0,0.0
1358.7919,4395.5853,3.9969,4.305,480.0,300.0,20.0,256.0,12.0,0.0
1358.7919,4395.5853,3.9969,4.305,480.0,300.0,20.0,256.0,12.0,0.0
1525.3741,5031.6307,4.2394,4.5698,488.0,300.0,20.0,256.0,12.0,0.0
1519.749,4622.2704,4.1576,4.4778,488.0,300.0,20.0,256.0,12.0,0.0
1549.7869,4455.0448,4.1138,4.4299,488.0,300.0,20.0,256.0,12.0,0.0
1489.9376,4493.6117,4.1403,4.4595,480.0,300.0,20.0,256.0,12.0,0.0
1450.5389,4580.8429,4.0411,4.3547,480.0,300.0,20.0,256.0,12.0,0.0
1482.8146,4464.2304,4.1104,4.4277,488.0,300.0,20.0,256.0,12.0,0.0
1447.7731,4554.9911,4.0583,4.3721,488.0,300.0,20.0,256.0,12.0,0.0
1615.5355,4585.3491,4.0588,4.3729,496.0,300.0,20.0,256.0,12.0,0.0
1490.2003,4466.8431,4.0632,4.3768,488.0,300.0,20.0,256.0,12.0,0.0
1487.1094,4564.2421,4.0637,4.3784,488.0,300.0,20.0,256.0,12.0,0.0
1481.6935,4467.1198,4.0291,4.3401,488.0,300.0,20.0,256.0,12.0,0.0
1555.3395,4635.5131,4.1489,4.4695,496.0,300.0,20.0,256.0,12.0,0.0
1494.114,4571.1369,4.1398,4.4602,488.0,300.0,20.0,256.0,12.0,0.0
1309.2623,4075.7714,3.8214,4.1023,440.0,300.0,18.0,256.0,12.0,0.0
1376.3647,4009.0062,3.779,4.0611,480.0,300.0,20.0,256.0,12.0,0.0
1354.7864,4187.1857,4.0,4.2956,472.0,300.0,20.0,256.0,12.0,0.0
1453.5954,4466.7261,4.1294,4.4484,496.0,300.0,20.0,256.0,12.0,0.0
1367.7744,4571.2107,4.1074,4.4189,472.0,300.0,19.0,256.0,12.0,0.0
1426.1924,4481.6582,4.0748,4.3823,464.0,300.0,19.0,256.0,12.0,0.0
1385.8131,4574.2751,4.0873,4.3958,464.0,300.0,19.0,256.0,12.0,0.0
1385.8131,4574.2751,4.0873,4.3958,464.0,300.0,19.0,256.0,12.0,0.0
1328.2471,4478.001,4.074,4.3818,464.0,300.0,19.0,256.0,12.0,0.0
1414.8475,4596.9284,4.0862,4.3947,464.0,300.0,19.0,256.0,12.0,0.0
1390.0531,4494.5573,4.0678,4.3748,464.0,300.0,19.0,256.0,12.0,0.0
1307.0551,3986.4958,3.806,4.081,480.0,300.0,20.0,256.0,12.0,0.0
1378.4772,4180.1159,3.8637,4.1496,480.0,300.0,20.0,256.0,12.0,0.0
1341.7922,4031.5385,3.7856,4.0614,472.0,300.0,20.0,256.0,12.0,0.0
1375.8125,4072.2913,3.8104,4.0992,488.0,300.0,20.0,256.0,12.0,0.0
1375.8125,4072.2913,3.8104,4.0992,488.0,300.0,20.0,256.0,12.0,0.0
1324.5011,4297.4807,3.986,4.2848,472.0,300.0,20.0,256.0,12.0,0.0
1324.5011,4297.4807,3.986,4.2848,472.0,300.0,20.0,256.0,12.0,0.0
1388.8018,4521.866,4.0336,4.3397,472.0,300.0,20.0,256.0,12.0,0.0
1388.7246,4521.9383,4.0318,4.3378,480.0,300.0,20.0,256.0,12.0,0.0
1518.2296,4639.6612,4.0813,4.3939,488.0,300.0,20.0,256.0,12.0,0.0
1450.5516,4521.198,4.0357,4.3443,480.0,300.0,20.0,256.0,12.0,0.0
1421.7114,4555.9257,4.15,4.4708,496.0,300.0,20.0,256.0,12.0,0.0
1330.9096,4637.7531,4.2032,4.5293,488.0,300.0,20.0,256.0,12.0,0.0
1423.8079,4417.2248,4.0304,4.3326,464.0,300.0,20.0,256.0,12.0,0.0
1384.1687,4447.3637,4.0435,4.3488,472.0,300.0,19.0,256.0,12.0,0.0
1451.4774,4502.8935,4.0647,4.3771,480.0,300.0,20.0,256.0,12.0,0.0
1496.7383,4469.8928,4.0655,4.3763,480.0,300.0,20.0,256.0,12.0,0.0
1352.2909,4206.283,3.9442,4.2397,480.0,300.0,20.0,256.0,12.0,0.0
1487.1923,4530.1203,4.0021,4.3063,480.0,300.0,20.0,256.0,12.0,0.0
1395.5606,4446.4655,3.9667,4.2747,480.0,300.0,20.0,256.0,12.0,0.0
1389.1145,4569.774,4.1262,4.4451,488.0,300.0,20.0,256.0,12.0,0.0
1280.0732,4121.5682,3.7978,4.0799,448.0,300.0,18.0,256.0,12.0,0.0
1471.7512,4356.4921,3.9517,4.2488,480.0,300.0,20.0,256.0,12.0,0.0
1292.1928,4280.5531,4.0103,4.3108,472.0,300.0,20.0,256.0,12.0,0.0
1479.7638,4325.9619,3.8504,4.1427,480.0,300.0,20.0,256.0,12.0,0.0
1488.3388,4557.1724,4.0767,4.3923,488.0,300.0,20.0,256.0,12.0,0.0
1552.8162,4729.1952,4.1505,4.473,488.0,300.0,20.0,256.0,12.0,0.0
1318.6161,4095.4555,3.9137,4.2119,496.0,300.0,20.0,256.0,12.0,0.0
1318.6161,4095.4555,3.9137,4.2119,496.0,300.0,20.0,256.0,12.0,0.0
1318.6161,4095.4555,3.9137,4.2119,496.0,300.0,20.0,256.0,12.0,0.0
1390.454,4343.3519,4.0206,4.3229,472.0,300.0,19.0,256.0,12.0,0.0
1518.106,4604.0201,4.0677,4.3817,480.0,300.0,20.0,256.0,12.0,0.0
1490.9773,4501.1082,4.0746,4.3856,488.0,300.0,20.0,256.0,12.0,0.0
1425.2124,4440.0557,4.0714,4.384,488.0,300.0,20.0,256.0,12.0,0.0
1260.6195,4282.1698,4.0366,4.3432,480.0,300.0,20.0,256.0,12.0,0.0
1425.769,4558.704,4.1085,4.4183,480.0,300.0,20.0,256.0,12.0,0.0
1421.2156,4525.301,4.0587,4.3691,488.0,300.0,20.0,256.0,12.0,0.0
1515.7964,4534.4062,4.117,4.4341,496.0,300.0,20.0,256.0,12.0,0.0
1292.6684,4222.8572,3.9377,4.2287,472.0,300.0,20.0,256.0,12.0,0.0
1487.5327,4712.943,4.1295,4.444,472.0,300.0,19.0,256.0,12.0,0.0
1358.2712,4596.6119,4.1383,4.4536,472.0,300.0,19.0,256.0,12.0,0.0
1388.7415,4649.7341,4.1417,4.4573,472.0,300.0,19.0,256.0,12.0,0.0
1388.7415,4649.7341,4.1417,4.4573,472.0,300.0,19.0,256.0,12.0,0.0
1394.2725,4640.3367,4.1349,4.4498,472.0,300.0,19.0,256.0,12.0,0.0
1420.8169,4553.6912,4.0681,4.3851,488.0,300.0,20.0,256.0,12.0,0.0
1358.2712,4596.6119,4.1383,4.4536,472.0,300.0,19.0,256.0,12.0,0.0
1394.2725,4640.3367,4.1349,4.4498,472.0,300.0,19.0,256.0,12.0,0.0
1388.9281,4423.8392,4.0387,4.3416,472.0,300.0,20.0,256.0,12.0,0.0
1585.399,4815.8271,4.1326,4.4474,472.0,300.0,19.0,256.0,12.0,0.0
1353.5877,4308.9063,4.0661,4.3634,472.0,300.0,20.0,256.0,12.0,0.0
1394.2725,4640.3367,4.1349,4.4498,472.0,300.0,19.0,256.0,12.0,0.0
1353.5877,4308.9063,4.0661,4.3634,472.0,300.0,20.0,256.0,12.0,0.0
1353.5877,4308.9063,4.0661,4.3634,472.0,300.0,20.0,256.0,12.0,0.0
1353.5877,4308.9063,4.0661,4.3634,472.0,300.0,20.0,256.0,12.0,0.0
1353.5877,4308.9063,4.0661,4.3634,472.0,300.0,20.0,256.0,12.0,0.0
1353.5877,4308.9063,4.0661,4.3634,472.0,300.0,20.0,256.0,12.0,0.0
1486.0529,4364.7615,4.0077,4.3155,496.0,300.0,20.0,256.0,12.0,0.0
1325.3309,4313.0176,4.0725,4.3705,456.0,300.0,20.0,256.0,12.0,0.0
1353.5877,4308.9063,4.0661,4.3634,472.0,300.0,20.0,256.0,12.0,0.0
1353.5877,4308.9063,4.0661,4.3634,472.0,300.0,20.0,256.0,12.0,0.0
1394.0387,4569.8868,4.0459,4.3557,464.0,300.0,19.0,256.0,12.0,0.0
1489.0539,4811.0799,4.1896,4.5158,488.0,300.0,20.0,256.0,12.0,0.0
1483.4233,4509.4833,4.0613,4.3685,472.0,300.0,20.0,256.0,12.0,0.0
1486.3898,4307.5869,4.0411,4.3519,496.0,300.0,20.0,256.0,12.0,0.0
1416.9243,4592.553,4.1232,4.44,480.0,300.0,20.0,256.0,12.0,0.0
1422.5969,4597.7919,4.1216,4.4384,488.0,300.0,20.0,256.0,12.0,0.0
1347.1802,4250.1897,3.8268,4.1205,488.0,300.0,20.0,256.0,12.0,0.0
1359.891,4513.7458,4.1099,4.4202,472.0,300.0,20.0,256.0,12.0,0.0
1452.5833,4478.043,4.0223,4.3227,472.0,300.0,20.0,256.0,12.0,0.0
1417.8825,4453.1472,4.0349,4.3383,480.0,300.0,20.0,256.0,12.0,0.0
1460.0549,4336.3076,4.0195,4.3261,480.0,300.0,20.0,256.0,12.0,0.0
1290.5923,3975.8982,3.8225,4.0986,440.0,300.0,18.0,256.0,12.0,0.0
1387.4095,4409.6768,3.9202,4.2183,464.0,300.0,19.0,256.0,12.0,0.0
1484.9628,4658.8547,4.0971,4.4146,488.0,300.0,20.0,256.0,12.0,0.0
1528.8297,4795.5071,4.1421,4.4615,480.0,300.0,20.0,256.0,12.0,0.0
1425.7113,4780.905,4.1653,4.4882,488.0,300.0,20.0,256.0,12.0,0.0
1525.5977,4833.631,4.1556,4.4763,480.0,300.0,20.0,256.0,12.0,0.0
1391.9567,4737.1493,4.1637,4.4862,488.0,300.0,20.0,256.0,12.0,0.0
1496.2732,4799.1827,4.1456,4.4655,480.0,300.0,20.0,256.0,12.0,0.0
1424.1857,4773.6137,4.1111,4.4278,488.0,300.0,20.0,256.0,12.0,0.0
